USE exercicio_db;

insert into Vendedores (VendedorID, Nome, Email, Salario) values (1, 'Jordanna Ren', 'jren0@patch.com', 4106.86);
insert into Vendedores (VendedorID, Nome, Email, Salario) values (2, 'Jim Edsell', 'jedsell1@sogou.com', 3478.8);
insert into Vendedores (VendedorID, Nome, Email, Salario) values (3, 'Delcine Ceeley', 'dceeley2@umich.edu', 4073.71);
insert into Vendedores (VendedorID, Nome, Email, Salario) values (4, 'Papageno Hanselmann', 'phanselmann3@amazonaws.com', 2172.81);
insert into Vendedores (VendedorID, Nome, Email, Salario) values (5, 'Zebedee Douthwaite', 'zdouthwaite4@yandex.ru', 4295.73);
insert into Vendedores (VendedorID, Nome, Email, Salario) values (6, 'Adelice Vasyunin', 'avasyunin5@360.cn', 3916.74);
insert into Vendedores (VendedorID, Nome, Email, Salario) values (7, 'Tandi Kolushev', 'tkolushev6@mac.com', 3893.31);
insert into Vendedores (VendedorID, Nome, Email, Salario) values (8, 'Glynda Pochon', 'gpochon7@cnn.com', 3862.03);
insert into Vendedores (VendedorID, Nome, Email, Salario) values (9, 'Selia Hegley', 'shegley8@infoseek.co.jp', 1418.03);
insert into Vendedores (VendedorID, Nome, Email, Salario) values (10, 'Cher Hudless', 'chudless9@accuweather.com', 2634.0);

insert into Produtos (ProdutoID, Nome, Categoria, Preco, Estoque) values (1, 'Pernod', 'Limpeza', 46.31, 1211);
insert into Produtos (ProdutoID, Nome, Categoria, Preco, Estoque) values (2, 'Clams - Canned', 'Açougue', 30.9, 2614);
insert into Produtos (ProdutoID, Nome, Categoria, Preco, Estoque) values (3, 'Vodka - Smirnoff', 'Padaria', 24.63, 2240);
insert into Produtos (ProdutoID, Nome, Categoria, Preco, Estoque) values (4, 'Cheese - Fontina', 'Limpeza', 65.95, 1489);
insert into Produtos (ProdutoID, Nome, Categoria, Preco, Estoque) values (5, 'Wine - White, Ej', 'Higiene', 53.46, 452);
insert into Produtos (ProdutoID, Nome, Categoria, Preco, Estoque) values (6, 'Onions - Red', 'Frutas', 84.09, 1425);
insert into Produtos (ProdutoID, Nome, Categoria, Preco, Estoque) values (7, 'Fireball Whisky', 'Verduras', 4.15, 1777);
insert into Produtos (ProdutoID, Nome, Categoria, Preco, Estoque) values (8, 'Flour - Chickpea', 'Bebidas', 56.07, 2526);
insert into Produtos (ProdutoID, Nome, Categoria, Preco, Estoque) values (9, 'Cocoa Butter', 'Limpeza', 88.36, 1184);
insert into Produtos (ProdutoID, Nome, Categoria, Preco, Estoque) values (10, 'Corn Kernels - Frozen', 'Bebidas', 48.1, 2218);
insert into Produtos (ProdutoID, Nome, Categoria, Preco, Estoque) values (11, 'Banana Turning', 'Verduras', 28.32, 155);
insert into Produtos (ProdutoID, Nome, Categoria, Preco, Estoque) values (12, 'Pasta - Penne Primavera, Single', 'Higiene', 114.63, 792);
insert into Produtos (ProdutoID, Nome, Categoria, Preco, Estoque) values (13, 'Sugar - White Packet', 'Verduras', 50.95, 1966);
insert into Produtos (ProdutoID, Nome, Categoria, Preco, Estoque) values (14, 'Maintenance Removal Charge', 'Farmácia', 77.05, 1849);
insert into Produtos (ProdutoID, Nome, Categoria, Preco, Estoque) values (15, 'Tart Shells - Sweet, 4', 'Farmácia', 66.47, 342);
insert into Produtos (ProdutoID, Nome, Categoria, Preco, Estoque) values (16, 'Veal - Knuckle', 'Frutas', 88.03, 2999);
insert into Produtos (ProdutoID, Nome, Categoria, Preco, Estoque) values (17, 'Chips Potato Salt Vinegar 43g', 'Frutas', 47.07, 727);
insert into Produtos (ProdutoID, Nome, Categoria, Preco, Estoque) values (18, 'Coffee - Flavoured', 'Farmácia', 11.01, 1874);
insert into Produtos (ProdutoID, Nome, Categoria, Preco, Estoque) values (19, 'Beans - Wax', 'Frutas', 44.42, 996);
insert into Produtos (ProdutoID, Nome, Categoria, Preco, Estoque) values (20, 'Artichoke - Fresh', 'Verduras', 81.48, 936);
insert into Produtos (ProdutoID, Nome, Categoria, Preco, Estoque) values (21, 'Ham - Procutinni', 'Higiene', 55.89, 1009);
insert into Produtos (ProdutoID, Nome, Categoria, Preco, Estoque) values (22, 'Pepper - Pablano', 'Limpeza', 11.6, 1905);
insert into Produtos (ProdutoID, Nome, Categoria, Preco, Estoque) values (23, 'Propel Sport Drink', 'Açougue', 35.52, 1497);
insert into Produtos (ProdutoID, Nome, Categoria, Preco, Estoque) values (24, 'Seedlings - Clamshell', 'Limpeza', 84.72, 1856);
insert into Produtos (ProdutoID, Nome, Categoria, Preco, Estoque) values (25, 'Garlic - Primerba, Paste', 'Higiene', 102.64, 2532);
insert into Produtos (ProdutoID, Nome, Categoria, Preco, Estoque) values (26, 'Pepper - White, Ground', 'Higiene', 52.08, 948);
insert into Produtos (ProdutoID, Nome, Categoria, Preco, Estoque) values (27, 'The Pop Shoppe - Root Beer', 'Limpeza', 49.29, 1146);
insert into Produtos (ProdutoID, Nome, Categoria, Preco, Estoque) values (28, 'Tuna - Bluefin', 'Farmácia', 90.34, 2647);
insert into Produtos (ProdutoID, Nome, Categoria, Preco, Estoque) values (29, 'Okra', 'Bebidas', 83.09, 1461);
insert into Produtos (ProdutoID, Nome, Categoria, Preco, Estoque) values (30, 'Wine - Fat Bastard Merlot', 'Farmácia', 100.75, 2980);
insert into Produtos (ProdutoID, Nome, Categoria, Preco, Estoque) values (31, 'Broom And Brush Rack Black', 'Limpeza', 117.76, 1253);
insert into Produtos (ProdutoID, Nome, Categoria, Preco, Estoque) values (32, 'Soup - Verve - Chipotle Chicken', 'Higiene', 106.35, 298);
insert into Produtos (ProdutoID, Nome, Categoria, Preco, Estoque) values (33, 'Soup - Campbells, Lentil', 'Bebidas', 81.85, 1585);
insert into Produtos (ProdutoID, Nome, Categoria, Preco, Estoque) values (34, 'Wood Chips - Regular', 'Higiene', 7.95, 1371);
insert into Produtos (ProdutoID, Nome, Categoria, Preco, Estoque) values (35, 'Soup - Clam Chowder, Dry Mix', 'Higiene', 3.76, 1446);
insert into Produtos (ProdutoID, Nome, Categoria, Preco, Estoque) values (36, 'Bread - Malt', 'Farmácia', 49.49, 2725);
insert into Produtos (ProdutoID, Nome, Categoria, Preco, Estoque) values (37, 'Turkey Tenderloin Frozen', 'Açougue', 41.81, 2700);
insert into Produtos (ProdutoID, Nome, Categoria, Preco, Estoque) values (38, 'Beef - Bresaola', 'Padaria', 4.01, 2958);
insert into Produtos (ProdutoID, Nome, Categoria, Preco, Estoque) values (39, 'Shrimp - 31/40', 'Açougue', 58.01, 461);
insert into Produtos (ProdutoID, Nome, Categoria, Preco, Estoque) values (40, 'Fudge - Chocolate Fudge', 'Açougue', 90.44, 599);
insert into Produtos (ProdutoID, Nome, Categoria, Preco, Estoque) values (41, 'Beef - Top Sirloin', 'Padaria', 15.04, 1205);
insert into Produtos (ProdutoID, Nome, Categoria, Preco, Estoque) values (42, 'Cleaner - Lime Away', 'Frutas', 99.91, 693);
insert into Produtos (ProdutoID, Nome, Categoria, Preco, Estoque) values (43, 'Oil - Grapeseed Oil', 'Açougue', 4.88, 1457);
insert into Produtos (ProdutoID, Nome, Categoria, Preco, Estoque) values (44, 'The Pop Shoppe - Cream Soda', 'Açougue', 113.77, 483);
insert into Produtos (ProdutoID, Nome, Categoria, Preco, Estoque) values (45, 'Monkfish Fresh - Skin Off', 'Higiene', 44.67, 1918);
insert into Produtos (ProdutoID, Nome, Categoria, Preco, Estoque) values (46, 'Kippers - Smoked', 'Padaria', 8.19, 937);
insert into Produtos (ProdutoID, Nome, Categoria, Preco, Estoque) values (47, 'Scallops 60/80 Iqf', 'Frutas', 49.51, 1949);
insert into Produtos (ProdutoID, Nome, Categoria, Preco, Estoque) values (48, 'Yogurt - Assorted Pack', 'Limpeza', 97.88, 1499);
insert into Produtos (ProdutoID, Nome, Categoria, Preco, Estoque) values (49, 'Kaffir Lime Leaves', 'Verduras', 13.06, 86);
insert into Produtos (ProdutoID, Nome, Categoria, Preco, Estoque) values (50, 'Pork - Butt, Boneless', 'Padaria', 16.51, 1532);

insert into Clientes (ClienteID, Nome, Idade, Email) values (1, 'Abigail Seman', 58, 'aseman0@paginegialle.it');
insert into Clientes (ClienteID, Nome, Idade, Email) values (2, 'Josselyn Iorio', 65, 'jiorio1@stumbleupon.com');
insert into Clientes (ClienteID, Nome, Idade, Email) values (3, 'Gabriellia Havile', 105, 'ghavile2@hc360.com');
insert into Clientes (ClienteID, Nome, Idade, Email) values (4, 'Sylas Haet', 25, 'shaet3@ucsd.edu');
insert into Clientes (ClienteID, Nome, Idade, Email) values (5, 'Pia Bemrose', 76, 'pbemrose4@reference.com');
insert into Clientes (ClienteID, Nome, Idade, Email) values (6, 'Rhys Spellward', 22, 'rspellward5@unc.edu');
insert into Clientes (ClienteID, Nome, Idade, Email) values (7, 'Fair Jaulme', 102, 'fjaulme6@harvard.edu');
insert into Clientes (ClienteID, Nome, Idade, Email) values (8, 'Marrilee Abercromby', 78, 'mabercromby7@cnbc.com');
insert into Clientes (ClienteID, Nome, Idade, Email) values (9, 'Petronille Wyeld', 19, 'pwyeld8@plala.or.jp');
insert into Clientes (ClienteID, Nome, Idade, Email) values (10, 'Roseann Kinchley', 77, 'rkinchley9@technorati.com');

insert into Pedidos (PedidoID, ClienteID, ProdutoID, VendedorID, Quantidade, DataPedido) values (1, 3, 36, 2, 2, '2022-07-23');
insert into Pedidos (PedidoID, ClienteID, ProdutoID, VendedorID, Quantidade, DataPedido) values (2, 6, 22, 6, 5, '2023-12-15');
insert into Pedidos (PedidoID, ClienteID, ProdutoID, VendedorID, Quantidade, DataPedido) values (3, 10, 14, 9, 1, '2023-06-01');
insert into Pedidos (PedidoID, ClienteID, ProdutoID, VendedorID, Quantidade, DataPedido) values (4, 8, 49, 3, 5, '2024-01-26');
insert into Pedidos (PedidoID, ClienteID, ProdutoID, VendedorID, Quantidade, DataPedido) values (5, 5, 47, 7, 2, '2023-06-04');
insert into Pedidos (PedidoID, ClienteID, ProdutoID, VendedorID, Quantidade, DataPedido) values (6, 1, 17, 6, 1, '2023-01-25');
insert into Pedidos (PedidoID, ClienteID, ProdutoID, VendedorID, Quantidade, DataPedido) values (7, 1, 50, 7, 2, '2023-07-20');
insert into Pedidos (PedidoID, ClienteID, ProdutoID, VendedorID, Quantidade, DataPedido) values (8, 10, 20, 4, 4, '2023-06-03');
insert into Pedidos (PedidoID, ClienteID, ProdutoID, VendedorID, Quantidade, DataPedido) values (9, 1, 26, 10, 4, '2023-02-28');
insert into Pedidos (PedidoID, ClienteID, ProdutoID, VendedorID, Quantidade, DataPedido) values (10, 8, 47, 1, 3, '2022-04-05');
insert into Pedidos (PedidoID, ClienteID, ProdutoID, VendedorID, Quantidade, DataPedido) values (11, 6, 17, 1, 3, '2023-10-16');
insert into Pedidos (PedidoID, ClienteID, ProdutoID, VendedorID, Quantidade, DataPedido) values (12, 10, 44, 3, 5, '2024-04-03');
insert into Pedidos (PedidoID, ClienteID, ProdutoID, VendedorID, Quantidade, DataPedido) values (13, 7, 44, 4, 5, '2022-07-07');
insert into Pedidos (PedidoID, ClienteID, ProdutoID, VendedorID, Quantidade, DataPedido) values (14, 9, 24, 3, 4, '2023-07-07');
insert into Pedidos (PedidoID, ClienteID, ProdutoID, VendedorID, Quantidade, DataPedido) values (15, 5, 15, 2, 1, '2022-11-13');
insert into Pedidos (PedidoID, ClienteID, ProdutoID, VendedorID, Quantidade, DataPedido) values (16, 7, 32, 6, 1, '2024-02-26');
insert into Pedidos (PedidoID, ClienteID, ProdutoID, VendedorID, Quantidade, DataPedido) values (17, 2, 5, 5, 3, '2023-03-08');
insert into Pedidos (PedidoID, ClienteID, ProdutoID, VendedorID, Quantidade, DataPedido) values (18, 9, 49, 7, 1, '2022-12-29');
insert into Pedidos (PedidoID, ClienteID, ProdutoID, VendedorID, Quantidade, DataPedido) values (19, 4, 1, 10, 1, '2023-01-28');
insert into Pedidos (PedidoID, ClienteID, ProdutoID, VendedorID, Quantidade, DataPedido) values (20, 7, 10, 6, 3, '2022-05-21');
insert into Pedidos (PedidoID, ClienteID, ProdutoID, VendedorID, Quantidade, DataPedido) values (21, 3, 30, 8, 2, '2023-04-11');
insert into Pedidos (PedidoID, ClienteID, ProdutoID, VendedorID, Quantidade, DataPedido) values (22, 4, 3, 7, 3, '2023-12-16');
insert into Pedidos (PedidoID, ClienteID, ProdutoID, VendedorID, Quantidade, DataPedido) values (23, 8, 47, 10, 1, '2022-12-02');
insert into Pedidos (PedidoID, ClienteID, ProdutoID, VendedorID, Quantidade, DataPedido) values (24, 3, 36, 7, 5, '2023-12-16');
insert into Pedidos (PedidoID, ClienteID, ProdutoID, VendedorID, Quantidade, DataPedido) values (25, 1, 11, 10, 4, '2023-12-19');
insert into Pedidos (PedidoID, ClienteID, ProdutoID, VendedorID, Quantidade, DataPedido) values (26, 10, 47, 9, 1, '2022-07-02');
insert into Pedidos (PedidoID, ClienteID, ProdutoID, VendedorID, Quantidade, DataPedido) values (27, 4, 34, 3, 2, '2024-02-15');
insert into Pedidos (PedidoID, ClienteID, ProdutoID, VendedorID, Quantidade, DataPedido) values (28, 8, 27, 3, 3, '2022-07-21');
insert into Pedidos (PedidoID, ClienteID, ProdutoID, VendedorID, Quantidade, DataPedido) values (29, 2, 48, 7, 1, '2023-04-03');
insert into Pedidos (PedidoID, ClienteID, ProdutoID, VendedorID, Quantidade, DataPedido) values (30, 6, 8, 2, 4, '2024-03-22');
insert into Pedidos (PedidoID, ClienteID, ProdutoID, VendedorID, Quantidade, DataPedido) values (31, 7, 21, 3, 5, '2023-12-02');
insert into Pedidos (PedidoID, ClienteID, ProdutoID, VendedorID, Quantidade, DataPedido) values (32, 7, 48, 9, 5, '2024-03-19');
insert into Pedidos (PedidoID, ClienteID, ProdutoID, VendedorID, Quantidade, DataPedido) values (33, 10, 46, 2, 4, '2023-06-19');
insert into Pedidos (PedidoID, ClienteID, ProdutoID, VendedorID, Quantidade, DataPedido) values (34, 3, 10, 10, 1, '2022-07-08');
insert into Pedidos (PedidoID, ClienteID, ProdutoID, VendedorID, Quantidade, DataPedido) values (35, 3, 9, 8, 5, '2022-12-07');
insert into Pedidos (PedidoID, ClienteID, ProdutoID, VendedorID, Quantidade, DataPedido) values (36, 9, 10, 5, 4, '2023-04-03');
insert into Pedidos (PedidoID, ClienteID, ProdutoID, VendedorID, Quantidade, DataPedido) values (37, 1, 14, 7, 4, '2022-06-22');
insert into Pedidos (PedidoID, ClienteID, ProdutoID, VendedorID, Quantidade, DataPedido) values (38, 7, 44, 5, 4, '2022-09-26');
insert into Pedidos (PedidoID, ClienteID, ProdutoID, VendedorID, Quantidade, DataPedido) values (39, 1, 24, 3, 2, '2023-03-05');
insert into Pedidos (PedidoID, ClienteID, ProdutoID, VendedorID, Quantidade, DataPedido) values (40, 3, 34, 9, 5, '2024-03-22');
insert into Pedidos (PedidoID, ClienteID, ProdutoID, VendedorID, Quantidade, DataPedido) values (41, 1, 35, 8, 1, '2022-07-01');
insert into Pedidos (PedidoID, ClienteID, ProdutoID, VendedorID, Quantidade, DataPedido) values (42, 10, 29, 8, 2, '2023-04-14');
insert into Pedidos (PedidoID, ClienteID, ProdutoID, VendedorID, Quantidade, DataPedido) values (43, 9, 25, 2, 4, '2023-12-03');
insert into Pedidos (PedidoID, ClienteID, ProdutoID, VendedorID, Quantidade, DataPedido) values (44, 6, 39, 3, 1, '2023-11-06');
insert into Pedidos (PedidoID, ClienteID, ProdutoID, VendedorID, Quantidade, DataPedido) values (45, 1, 12, 3, 4, '2023-04-27');
insert into Pedidos (PedidoID, ClienteID, ProdutoID, VendedorID, Quantidade, DataPedido) values (46, 7, 8, 10, 5, '2023-12-09');
insert into Pedidos (PedidoID, ClienteID, ProdutoID, VendedorID, Quantidade, DataPedido) values (47, 2, 1, 7, 5, '2022-05-25');
insert into Pedidos (PedidoID, ClienteID, ProdutoID, VendedorID, Quantidade, DataPedido) values (48, 5, 15, 2, 3, '2022-04-16');
insert into Pedidos (PedidoID, ClienteID, ProdutoID, VendedorID, Quantidade, DataPedido) values (49, 4, 27, 1, 3, '2023-12-10');
insert into Pedidos (PedidoID, ClienteID, ProdutoID, VendedorID, Quantidade, DataPedido) values (50, 2, 36, 10, 3, '2023-01-01');
insert into Pedidos (PedidoID, ClienteID, ProdutoID, VendedorID, Quantidade, DataPedido) values (51, 9, 3, 9, 2, '2024-04-11');
insert into Pedidos (PedidoID, ClienteID, ProdutoID, VendedorID, Quantidade, DataPedido) values (52, 10, 44, 4, 5, '2022-08-18');
insert into Pedidos (PedidoID, ClienteID, ProdutoID, VendedorID, Quantidade, DataPedido) values (53, 1, 13, 8, 4, '2022-09-10');
insert into Pedidos (PedidoID, ClienteID, ProdutoID, VendedorID, Quantidade, DataPedido) values (54, 1, 11, 4, 4, '2022-08-07');
insert into Pedidos (PedidoID, ClienteID, ProdutoID, VendedorID, Quantidade, DataPedido) values (55, 5, 9, 10, 3, '2023-04-08');
insert into Pedidos (PedidoID, ClienteID, ProdutoID, VendedorID, Quantidade, DataPedido) values (56, 2, 19, 5, 3, '2023-12-13');
insert into Pedidos (PedidoID, ClienteID, ProdutoID, VendedorID, Quantidade, DataPedido) values (57, 10, 45, 10, 1, '2024-01-03');
insert into Pedidos (PedidoID, ClienteID, ProdutoID, VendedorID, Quantidade, DataPedido) values (58, 9, 15, 6, 3, '2023-12-22');
insert into Pedidos (PedidoID, ClienteID, ProdutoID, VendedorID, Quantidade, DataPedido) values (59, 1, 22, 7, 3, '2024-03-18');
insert into Pedidos (PedidoID, ClienteID, ProdutoID, VendedorID, Quantidade, DataPedido) values (60, 8, 41, 3, 2, '2023-04-16');
insert into Pedidos (PedidoID, ClienteID, ProdutoID, VendedorID, Quantidade, DataPedido) values (61, 7, 15, 8, 1, '2023-11-27');
insert into Pedidos (PedidoID, ClienteID, ProdutoID, VendedorID, Quantidade, DataPedido) values (62, 7, 26, 7, 3, '2023-12-23');
insert into Pedidos (PedidoID, ClienteID, ProdutoID, VendedorID, Quantidade, DataPedido) values (63, 5, 26, 8, 5, '2023-02-08');
insert into Pedidos (PedidoID, ClienteID, ProdutoID, VendedorID, Quantidade, DataPedido) values (64, 7, 26, 6, 2, '2023-05-27');
insert into Pedidos (PedidoID, ClienteID, ProdutoID, VendedorID, Quantidade, DataPedido) values (65, 4, 20, 8, 2, '2023-07-14');
insert into Pedidos (PedidoID, ClienteID, ProdutoID, VendedorID, Quantidade, DataPedido) values (66, 8, 35, 9, 3, '2022-09-06');
insert into Pedidos (PedidoID, ClienteID, ProdutoID, VendedorID, Quantidade, DataPedido) values (67, 7, 14, 10, 3, '2023-04-04');
insert into Pedidos (PedidoID, ClienteID, ProdutoID, VendedorID, Quantidade, DataPedido) values (68, 7, 31, 3, 5, '2024-01-19');
insert into Pedidos (PedidoID, ClienteID, ProdutoID, VendedorID, Quantidade, DataPedido) values (69, 2, 47, 3, 4, '2023-08-23');
insert into Pedidos (PedidoID, ClienteID, ProdutoID, VendedorID, Quantidade, DataPedido) values (70, 6, 11, 9, 2, '2024-02-06');
insert into Pedidos (PedidoID, ClienteID, ProdutoID, VendedorID, Quantidade, DataPedido) values (71, 10, 27, 2, 1, '2024-02-11');
insert into Pedidos (PedidoID, ClienteID, ProdutoID, VendedorID, Quantidade, DataPedido) values (72, 5, 4, 3, 1, '2024-01-05');
insert into Pedidos (PedidoID, ClienteID, ProdutoID, VendedorID, Quantidade, DataPedido) values (73, 1, 26, 3, 4, '2023-09-23');
insert into Pedidos (PedidoID, ClienteID, ProdutoID, VendedorID, Quantidade, DataPedido) values (74, 1, 11, 9, 5, '2023-06-27');
insert into Pedidos (PedidoID, ClienteID, ProdutoID, VendedorID, Quantidade, DataPedido) values (75, 3, 16, 8, 1, '2022-12-05');
insert into Pedidos (PedidoID, ClienteID, ProdutoID, VendedorID, Quantidade, DataPedido) values (76, 3, 9, 4, 5, '2023-12-25');
insert into Pedidos (PedidoID, ClienteID, ProdutoID, VendedorID, Quantidade, DataPedido) values (77, 3, 48, 3, 5, '2023-12-11');
insert into Pedidos (PedidoID, ClienteID, ProdutoID, VendedorID, Quantidade, DataPedido) values (78, 4, 12, 4, 2, '2023-04-14');
insert into Pedidos (PedidoID, ClienteID, ProdutoID, VendedorID, Quantidade, DataPedido) values (79, 3, 35, 3, 3, '2024-03-14');
insert into Pedidos (PedidoID, ClienteID, ProdutoID, VendedorID, Quantidade, DataPedido) values (80, 8, 36, 5, 2, '2022-08-19');
insert into Pedidos (PedidoID, ClienteID, ProdutoID, VendedorID, Quantidade, DataPedido) values (81, 1, 8, 7, 1, '2024-03-17');
insert into Pedidos (PedidoID, ClienteID, ProdutoID, VendedorID, Quantidade, DataPedido) values (82, 9, 25, 8, 3, '2022-08-14');
insert into Pedidos (PedidoID, ClienteID, ProdutoID, VendedorID, Quantidade, DataPedido) values (83, 8, 35, 6, 2, '2024-04-06');
insert into Pedidos (PedidoID, ClienteID, ProdutoID, VendedorID, Quantidade, DataPedido) values (84, 1, 19, 3, 5, '2023-11-02');
insert into Pedidos (PedidoID, ClienteID, ProdutoID, VendedorID, Quantidade, DataPedido) values (85, 2, 19, 3, 2, '2022-10-16');
insert into Pedidos (PedidoID, ClienteID, ProdutoID, VendedorID, Quantidade, DataPedido) values (86, 3, 19, 3, 4, '2022-11-19');
insert into Pedidos (PedidoID, ClienteID, ProdutoID, VendedorID, Quantidade, DataPedido) values (87, 8, 15, 5, 2, '2024-03-03');
insert into Pedidos (PedidoID, ClienteID, ProdutoID, VendedorID, Quantidade, DataPedido) values (88, 9, 31, 2, 3, '2022-11-26');
insert into Pedidos (PedidoID, ClienteID, ProdutoID, VendedorID, Quantidade, DataPedido) values (89, 4, 9, 7, 3, '2023-08-22');
insert into Pedidos (PedidoID, ClienteID, ProdutoID, VendedorID, Quantidade, DataPedido) values (90, 4, 34, 4, 4, '2023-10-14');
insert into Pedidos (PedidoID, ClienteID, ProdutoID, VendedorID, Quantidade, DataPedido) values (91, 5, 18, 2, 5, '2022-10-14');
insert into Pedidos (PedidoID, ClienteID, ProdutoID, VendedorID, Quantidade, DataPedido) values (92, 6, 7, 9, 1, '2022-04-18');
insert into Pedidos (PedidoID, ClienteID, ProdutoID, VendedorID, Quantidade, DataPedido) values (93, 6, 17, 10, 2, '2022-11-18');
insert into Pedidos (PedidoID, ClienteID, ProdutoID, VendedorID, Quantidade, DataPedido) values (94, 2, 4, 7, 5, '2023-07-06');
insert into Pedidos (PedidoID, ClienteID, ProdutoID, VendedorID, Quantidade, DataPedido) values (95, 9, 48, 7, 4, '2023-11-19');
insert into Pedidos (PedidoID, ClienteID, ProdutoID, VendedorID, Quantidade, DataPedido) values (96, 1, 2, 10, 3, '2022-08-02');
insert into Pedidos (PedidoID, ClienteID, ProdutoID, VendedorID, Quantidade, DataPedido) values (97, 8, 24, 7, 1, '2022-10-07');
insert into Pedidos (PedidoID, ClienteID, ProdutoID, VendedorID, Quantidade, DataPedido) values (98, 7, 26, 8, 2, '2022-11-22');
insert into Pedidos (PedidoID, ClienteID, ProdutoID, VendedorID, Quantidade, DataPedido) values (99, 8, 14, 10, 3, '2023-02-10');
insert into Pedidos (PedidoID, ClienteID, ProdutoID, VendedorID, Quantidade, DataPedido) values (100, 10, 34, 2, 1, '2022-11-02');
insert into Pedidos (PedidoID, ClienteID, ProdutoID, VendedorID, Quantidade, DataPedido) values (101, 9, 39, 7, 2, '2023-04-23');
insert into Pedidos (PedidoID, ClienteID, ProdutoID, VendedorID, Quantidade, DataPedido) values (102, 10, 1, 6, 5, '2023-12-23');
insert into Pedidos (PedidoID, ClienteID, ProdutoID, VendedorID, Quantidade, DataPedido) values (103, 1, 8, 3, 3, '2022-11-02');
insert into Pedidos (PedidoID, ClienteID, ProdutoID, VendedorID, Quantidade, DataPedido) values (104, 5, 24, 3, 3, '2022-12-31');
insert into Pedidos (PedidoID, ClienteID, ProdutoID, VendedorID, Quantidade, DataPedido) values (105, 10, 7, 9, 3, '2022-09-08');
insert into Pedidos (PedidoID, ClienteID, ProdutoID, VendedorID, Quantidade, DataPedido) values (106, 4, 38, 9, 3, '2022-10-01');
insert into Pedidos (PedidoID, ClienteID, ProdutoID, VendedorID, Quantidade, DataPedido) values (107, 1, 9, 10, 4, '2022-08-03');
insert into Pedidos (PedidoID, ClienteID, ProdutoID, VendedorID, Quantidade, DataPedido) values (108, 1, 42, 9, 3, '2023-10-10');
insert into Pedidos (PedidoID, ClienteID, ProdutoID, VendedorID, Quantidade, DataPedido) values (109, 6, 32, 5, 3, '2022-09-14');
insert into Pedidos (PedidoID, ClienteID, ProdutoID, VendedorID, Quantidade, DataPedido) values (110, 8, 42, 10, 4, '2023-12-24');
insert into Pedidos (PedidoID, ClienteID, ProdutoID, VendedorID, Quantidade, DataPedido) values (111, 8, 32, 9, 5, '2023-08-28');
insert into Pedidos (PedidoID, ClienteID, ProdutoID, VendedorID, Quantidade, DataPedido) values (112, 1, 46, 9, 4, '2023-12-22');
insert into Pedidos (PedidoID, ClienteID, ProdutoID, VendedorID, Quantidade, DataPedido) values (113, 7, 17, 9, 4, '2023-06-09');
insert into Pedidos (PedidoID, ClienteID, ProdutoID, VendedorID, Quantidade, DataPedido) values (114, 3, 19, 5, 5, '2023-06-29');
insert into Pedidos (PedidoID, ClienteID, ProdutoID, VendedorID, Quantidade, DataPedido) values (115, 9, 41, 8, 5, '2022-07-23');
insert into Pedidos (PedidoID, ClienteID, ProdutoID, VendedorID, Quantidade, DataPedido) values (116, 3, 13, 8, 2, '2022-09-28');
insert into Pedidos (PedidoID, ClienteID, ProdutoID, VendedorID, Quantidade, DataPedido) values (117, 9, 16, 8, 5, '2023-07-28');
insert into Pedidos (PedidoID, ClienteID, ProdutoID, VendedorID, Quantidade, DataPedido) values (118, 9, 18, 6, 2, '2024-01-08');
insert into Pedidos (PedidoID, ClienteID, ProdutoID, VendedorID, Quantidade, DataPedido) values (119, 1, 33, 10, 5, '2023-09-12');
insert into Pedidos (PedidoID, ClienteID, ProdutoID, VendedorID, Quantidade, DataPedido) values (120, 1, 33, 10, 2, '2024-03-20');
insert into Pedidos (PedidoID, ClienteID, ProdutoID, VendedorID, Quantidade, DataPedido) values (121, 5, 5, 4, 5, '2023-07-28');
insert into Pedidos (PedidoID, ClienteID, ProdutoID, VendedorID, Quantidade, DataPedido) values (122, 5, 36, 1, 5, '2023-05-05');
insert into Pedidos (PedidoID, ClienteID, ProdutoID, VendedorID, Quantidade, DataPedido) values (123, 2, 3, 1, 3, '2023-11-05');
insert into Pedidos (PedidoID, ClienteID, ProdutoID, VendedorID, Quantidade, DataPedido) values (124, 4, 21, 4, 1, '2022-10-03');
insert into Pedidos (PedidoID, ClienteID, ProdutoID, VendedorID, Quantidade, DataPedido) values (125, 4, 26, 1, 2, '2022-12-27');
insert into Pedidos (PedidoID, ClienteID, ProdutoID, VendedorID, Quantidade, DataPedido) values (126, 5, 48, 10, 5, '2024-02-09');
insert into Pedidos (PedidoID, ClienteID, ProdutoID, VendedorID, Quantidade, DataPedido) values (127, 1, 44, 8, 1, '2023-10-17');
insert into Pedidos (PedidoID, ClienteID, ProdutoID, VendedorID, Quantidade, DataPedido) values (128, 10, 26, 4, 5, '2022-11-22');
insert into Pedidos (PedidoID, ClienteID, ProdutoID, VendedorID, Quantidade, DataPedido) values (129, 9, 19, 3, 5, '2022-11-23');
insert into Pedidos (PedidoID, ClienteID, ProdutoID, VendedorID, Quantidade, DataPedido) values (130, 7, 26, 4, 2, '2023-11-15');
insert into Pedidos (PedidoID, ClienteID, ProdutoID, VendedorID, Quantidade, DataPedido) values (131, 1, 2, 2, 3, '2023-03-25');
insert into Pedidos (PedidoID, ClienteID, ProdutoID, VendedorID, Quantidade, DataPedido) values (132, 10, 12, 7, 3, '2024-01-07');
insert into Pedidos (PedidoID, ClienteID, ProdutoID, VendedorID, Quantidade, DataPedido) values (133, 4, 17, 4, 3, '2023-11-19');
insert into Pedidos (PedidoID, ClienteID, ProdutoID, VendedorID, Quantidade, DataPedido) values (134, 7, 31, 6, 1, '2022-11-27');
insert into Pedidos (PedidoID, ClienteID, ProdutoID, VendedorID, Quantidade, DataPedido) values (135, 3, 37, 4, 2, '2022-12-30');
insert into Pedidos (PedidoID, ClienteID, ProdutoID, VendedorID, Quantidade, DataPedido) values (136, 3, 40, 7, 3, '2022-11-30');
insert into Pedidos (PedidoID, ClienteID, ProdutoID, VendedorID, Quantidade, DataPedido) values (137, 4, 19, 8, 4, '2022-07-19');
insert into Pedidos (PedidoID, ClienteID, ProdutoID, VendedorID, Quantidade, DataPedido) values (138, 7, 2, 6, 5, '2023-08-24');
insert into Pedidos (PedidoID, ClienteID, ProdutoID, VendedorID, Quantidade, DataPedido) values (139, 5, 15, 9, 4, '2023-04-08');
insert into Pedidos (PedidoID, ClienteID, ProdutoID, VendedorID, Quantidade, DataPedido) values (140, 5, 45, 10, 5, '2023-02-04');
insert into Pedidos (PedidoID, ClienteID, ProdutoID, VendedorID, Quantidade, DataPedido) values (141, 1, 46, 3, 2, '2024-01-21');
insert into Pedidos (PedidoID, ClienteID, ProdutoID, VendedorID, Quantidade, DataPedido) values (142, 6, 23, 3, 2, '2022-09-16');
insert into Pedidos (PedidoID, ClienteID, ProdutoID, VendedorID, Quantidade, DataPedido) values (143, 5, 26, 6, 4, '2022-08-07');
insert into Pedidos (PedidoID, ClienteID, ProdutoID, VendedorID, Quantidade, DataPedido) values (144, 9, 30, 7, 2, '2023-10-26');
insert into Pedidos (PedidoID, ClienteID, ProdutoID, VendedorID, Quantidade, DataPedido) values (145, 8, 32, 5, 1, '2023-02-15');
insert into Pedidos (PedidoID, ClienteID, ProdutoID, VendedorID, Quantidade, DataPedido) values (146, 7, 4, 8, 3, '2023-04-19');
insert into Pedidos (PedidoID, ClienteID, ProdutoID, VendedorID, Quantidade, DataPedido) values (147, 3, 18, 6, 1, '2022-11-28');
insert into Pedidos (PedidoID, ClienteID, ProdutoID, VendedorID, Quantidade, DataPedido) values (148, 8, 39, 6, 5, '2022-09-05');
insert into Pedidos (PedidoID, ClienteID, ProdutoID, VendedorID, Quantidade, DataPedido) values (149, 10, 42, 3, 5, '2024-02-27');
insert into Pedidos (PedidoID, ClienteID, ProdutoID, VendedorID, Quantidade, DataPedido) values (150, 1, 47, 7, 1, '2022-11-01');
insert into Pedidos (PedidoID, ClienteID, ProdutoID, VendedorID, Quantidade, DataPedido) values (151, 6, 12, 5, 1, '2022-09-20');
insert into Pedidos (PedidoID, ClienteID, ProdutoID, VendedorID, Quantidade, DataPedido) values (152, 9, 44, 8, 1, '2023-04-02');
insert into Pedidos (PedidoID, ClienteID, ProdutoID, VendedorID, Quantidade, DataPedido) values (153, 2, 2, 2, 5, '2024-01-13');
insert into Pedidos (PedidoID, ClienteID, ProdutoID, VendedorID, Quantidade, DataPedido) values (154, 2, 43, 8, 1, '2023-05-31');
insert into Pedidos (PedidoID, ClienteID, ProdutoID, VendedorID, Quantidade, DataPedido) values (155, 8, 29, 4, 1, '2022-09-01');
insert into Pedidos (PedidoID, ClienteID, ProdutoID, VendedorID, Quantidade, DataPedido) values (156, 7, 37, 6, 4, '2022-09-25');
insert into Pedidos (PedidoID, ClienteID, ProdutoID, VendedorID, Quantidade, DataPedido) values (157, 10, 16, 9, 1, '2023-11-19');
insert into Pedidos (PedidoID, ClienteID, ProdutoID, VendedorID, Quantidade, DataPedido) values (158, 6, 47, 9, 3, '2023-03-18');
insert into Pedidos (PedidoID, ClienteID, ProdutoID, VendedorID, Quantidade, DataPedido) values (159, 6, 48, 3, 4, '2023-04-20');
insert into Pedidos (PedidoID, ClienteID, ProdutoID, VendedorID, Quantidade, DataPedido) values (160, 3, 11, 8, 5, '2024-01-13');
insert into Pedidos (PedidoID, ClienteID, ProdutoID, VendedorID, Quantidade, DataPedido) values (161, 3, 18, 6, 4, '2023-11-02');
insert into Pedidos (PedidoID, ClienteID, ProdutoID, VendedorID, Quantidade, DataPedido) values (162, 1, 41, 1, 5, '2023-04-17');
insert into Pedidos (PedidoID, ClienteID, ProdutoID, VendedorID, Quantidade, DataPedido) values (163, 8, 4, 3, 2, '2024-02-12');
insert into Pedidos (PedidoID, ClienteID, ProdutoID, VendedorID, Quantidade, DataPedido) values (164, 10, 13, 3, 2, '2023-03-23');
insert into Pedidos (PedidoID, ClienteID, ProdutoID, VendedorID, Quantidade, DataPedido) values (165, 7, 9, 7, 5, '2023-07-20');
insert into Pedidos (PedidoID, ClienteID, ProdutoID, VendedorID, Quantidade, DataPedido) values (166, 6, 48, 2, 4, '2023-07-10');
insert into Pedidos (PedidoID, ClienteID, ProdutoID, VendedorID, Quantidade, DataPedido) values (167, 4, 43, 3, 3, '2024-04-24');
insert into Pedidos (PedidoID, ClienteID, ProdutoID, VendedorID, Quantidade, DataPedido) values (168, 1, 3, 10, 1, '2022-06-13');
insert into Pedidos (PedidoID, ClienteID, ProdutoID, VendedorID, Quantidade, DataPedido) values (169, 4, 49, 1, 2, '2022-07-26');
insert into Pedidos (PedidoID, ClienteID, ProdutoID, VendedorID, Quantidade, DataPedido) values (170, 5, 49, 1, 2, '2022-12-08');
insert into Pedidos (PedidoID, ClienteID, ProdutoID, VendedorID, Quantidade, DataPedido) values (171, 9, 26, 4, 1, '2022-08-29');
insert into Pedidos (PedidoID, ClienteID, ProdutoID, VendedorID, Quantidade, DataPedido) values (172, 2, 48, 9, 4, '2024-01-13');
insert into Pedidos (PedidoID, ClienteID, ProdutoID, VendedorID, Quantidade, DataPedido) values (173, 7, 33, 8, 2, '2023-07-21');
insert into Pedidos (PedidoID, ClienteID, ProdutoID, VendedorID, Quantidade, DataPedido) values (174, 10, 30, 9, 1, '2023-09-11');
insert into Pedidos (PedidoID, ClienteID, ProdutoID, VendedorID, Quantidade, DataPedido) values (175, 3, 14, 10, 4, '2023-06-08');
insert into Pedidos (PedidoID, ClienteID, ProdutoID, VendedorID, Quantidade, DataPedido) values (176, 8, 16, 10, 2, '2024-03-28');
insert into Pedidos (PedidoID, ClienteID, ProdutoID, VendedorID, Quantidade, DataPedido) values (177, 3, 19, 5, 4, '2024-03-09');
insert into Pedidos (PedidoID, ClienteID, ProdutoID, VendedorID, Quantidade, DataPedido) values (178, 10, 4, 10, 5, '2024-01-04');
insert into Pedidos (PedidoID, ClienteID, ProdutoID, VendedorID, Quantidade, DataPedido) values (179, 6, 31, 4, 2, '2023-08-26');
insert into Pedidos (PedidoID, ClienteID, ProdutoID, VendedorID, Quantidade, DataPedido) values (180, 5, 7, 1, 1, '2023-01-31');
insert into Pedidos (PedidoID, ClienteID, ProdutoID, VendedorID, Quantidade, DataPedido) values (181, 4, 17, 7, 3, '2022-07-17');
insert into Pedidos (PedidoID, ClienteID, ProdutoID, VendedorID, Quantidade, DataPedido) values (182, 6, 25, 6, 3, '2024-03-11');
insert into Pedidos (PedidoID, ClienteID, ProdutoID, VendedorID, Quantidade, DataPedido) values (183, 1, 26, 10, 2, '2022-08-25');
insert into Pedidos (PedidoID, ClienteID, ProdutoID, VendedorID, Quantidade, DataPedido) values (184, 5, 40, 2, 1, '2022-05-17');
insert into Pedidos (PedidoID, ClienteID, ProdutoID, VendedorID, Quantidade, DataPedido) values (185, 5, 10, 2, 1, '2023-08-26');
insert into Pedidos (PedidoID, ClienteID, ProdutoID, VendedorID, Quantidade, DataPedido) values (186, 10, 23, 9, 5, '2022-06-19');
insert into Pedidos (PedidoID, ClienteID, ProdutoID, VendedorID, Quantidade, DataPedido) values (187, 5, 42, 2, 3, '2022-09-06');
insert into Pedidos (PedidoID, ClienteID, ProdutoID, VendedorID, Quantidade, DataPedido) values (188, 6, 42, 2, 2, '2023-01-07');
insert into Pedidos (PedidoID, ClienteID, ProdutoID, VendedorID, Quantidade, DataPedido) values (189, 8, 43, 2, 4, '2023-01-05');
insert into Pedidos (PedidoID, ClienteID, ProdutoID, VendedorID, Quantidade, DataPedido) values (190, 1, 39, 10, 1, '2023-06-03');
insert into Pedidos (PedidoID, ClienteID, ProdutoID, VendedorID, Quantidade, DataPedido) values (191, 6, 12, 6, 2, '2022-08-21');
insert into Pedidos (PedidoID, ClienteID, ProdutoID, VendedorID, Quantidade, DataPedido) values (192, 7, 7, 5, 4, '2024-03-06');
insert into Pedidos (PedidoID, ClienteID, ProdutoID, VendedorID, Quantidade, DataPedido) values (193, 2, 8, 9, 3, '2023-06-18');
insert into Pedidos (PedidoID, ClienteID, ProdutoID, VendedorID, Quantidade, DataPedido) values (194, 10, 30, 8, 5, '2023-02-25');
insert into Pedidos (PedidoID, ClienteID, ProdutoID, VendedorID, Quantidade, DataPedido) values (195, 8, 30, 10, 1, '2023-09-19');
insert into Pedidos (PedidoID, ClienteID, ProdutoID, VendedorID, Quantidade, DataPedido) values (196, 10, 30, 3, 1, '2022-06-02');
insert into Pedidos (PedidoID, ClienteID, ProdutoID, VendedorID, Quantidade, DataPedido) values (197, 3, 11, 9, 1, '2022-04-26');
insert into Pedidos (PedidoID, ClienteID, ProdutoID, VendedorID, Quantidade, DataPedido) values (198, 6, 49, 7, 2, '2023-01-03');
insert into Pedidos (PedidoID, ClienteID, ProdutoID, VendedorID, Quantidade, DataPedido) values (199, 1, 12, 4, 2, '2024-03-23');
insert into Pedidos (PedidoID, ClienteID, ProdutoID, VendedorID, Quantidade, DataPedido) values (200, 10, 29, 9, 3, '2023-07-01');
insert into Pedidos (PedidoID, ClienteID, ProdutoID, VendedorID, Quantidade, DataPedido) values (201, 2, 25, 1, 3, '2022-05-05');
insert into Pedidos (PedidoID, ClienteID, ProdutoID, VendedorID, Quantidade, DataPedido) values (202, 2, 16, 6, 5, '2022-09-30');
insert into Pedidos (PedidoID, ClienteID, ProdutoID, VendedorID, Quantidade, DataPedido) values (203, 6, 30, 5, 4, '2023-06-12');
insert into Pedidos (PedidoID, ClienteID, ProdutoID, VendedorID, Quantidade, DataPedido) values (204, 10, 27, 6, 2, '2023-07-18');
insert into Pedidos (PedidoID, ClienteID, ProdutoID, VendedorID, Quantidade, DataPedido) values (205, 8, 23, 1, 4, '2023-12-08');
insert into Pedidos (PedidoID, ClienteID, ProdutoID, VendedorID, Quantidade, DataPedido) values (206, 7, 10, 2, 1, '2023-11-28');
insert into Pedidos (PedidoID, ClienteID, ProdutoID, VendedorID, Quantidade, DataPedido) values (207, 6, 40, 10, 1, '2022-05-09');
insert into Pedidos (PedidoID, ClienteID, ProdutoID, VendedorID, Quantidade, DataPedido) values (208, 9, 4, 6, 4, '2022-09-16');
insert into Pedidos (PedidoID, ClienteID, ProdutoID, VendedorID, Quantidade, DataPedido) values (209, 7, 25, 2, 2, '2022-08-29');
insert into Pedidos (PedidoID, ClienteID, ProdutoID, VendedorID, Quantidade, DataPedido) values (210, 1, 29, 2, 1, '2023-05-27');
insert into Pedidos (PedidoID, ClienteID, ProdutoID, VendedorID, Quantidade, DataPedido) values (211, 3, 35, 9, 4, '2022-07-02');
insert into Pedidos (PedidoID, ClienteID, ProdutoID, VendedorID, Quantidade, DataPedido) values (212, 4, 31, 7, 4, '2024-01-17');
insert into Pedidos (PedidoID, ClienteID, ProdutoID, VendedorID, Quantidade, DataPedido) values (213, 1, 7, 1, 3, '2024-02-28');
insert into Pedidos (PedidoID, ClienteID, ProdutoID, VendedorID, Quantidade, DataPedido) values (214, 6, 38, 6, 5, '2023-10-04');
insert into Pedidos (PedidoID, ClienteID, ProdutoID, VendedorID, Quantidade, DataPedido) values (215, 2, 38, 3, 1, '2022-06-24');
insert into Pedidos (PedidoID, ClienteID, ProdutoID, VendedorID, Quantidade, DataPedido) values (216, 8, 9, 6, 1, '2023-05-15');
insert into Pedidos (PedidoID, ClienteID, ProdutoID, VendedorID, Quantidade, DataPedido) values (217, 8, 17, 1, 5, '2023-08-10');
insert into Pedidos (PedidoID, ClienteID, ProdutoID, VendedorID, Quantidade, DataPedido) values (218, 8, 33, 7, 2, '2022-11-10');
insert into Pedidos (PedidoID, ClienteID, ProdutoID, VendedorID, Quantidade, DataPedido) values (219, 10, 30, 2, 4, '2024-04-01');
insert into Pedidos (PedidoID, ClienteID, ProdutoID, VendedorID, Quantidade, DataPedido) values (220, 6, 41, 9, 5, '2022-07-20');
insert into Pedidos (PedidoID, ClienteID, ProdutoID, VendedorID, Quantidade, DataPedido) values (221, 3, 34, 3, 2, '2023-01-21');
insert into Pedidos (PedidoID, ClienteID, ProdutoID, VendedorID, Quantidade, DataPedido) values (222, 3, 48, 6, 2, '2023-11-25');
insert into Pedidos (PedidoID, ClienteID, ProdutoID, VendedorID, Quantidade, DataPedido) values (223, 5, 41, 1, 3, '2022-04-06');
insert into Pedidos (PedidoID, ClienteID, ProdutoID, VendedorID, Quantidade, DataPedido) values (224, 5, 11, 2, 2, '2023-05-20');
insert into Pedidos (PedidoID, ClienteID, ProdutoID, VendedorID, Quantidade, DataPedido) values (225, 1, 24, 2, 2, '2023-06-13');
insert into Pedidos (PedidoID, ClienteID, ProdutoID, VendedorID, Quantidade, DataPedido) values (226, 6, 20, 8, 5, '2023-11-08');
insert into Pedidos (PedidoID, ClienteID, ProdutoID, VendedorID, Quantidade, DataPedido) values (227, 1, 18, 7, 3, '2024-03-12');
insert into Pedidos (PedidoID, ClienteID, ProdutoID, VendedorID, Quantidade, DataPedido) values (228, 7, 31, 1, 1, '2023-02-19');
insert into Pedidos (PedidoID, ClienteID, ProdutoID, VendedorID, Quantidade, DataPedido) values (229, 7, 46, 10, 1, '2022-06-03');
insert into Pedidos (PedidoID, ClienteID, ProdutoID, VendedorID, Quantidade, DataPedido) values (230, 1, 26, 9, 5, '2022-05-19');
insert into Pedidos (PedidoID, ClienteID, ProdutoID, VendedorID, Quantidade, DataPedido) values (231, 5, 23, 3, 4, '2023-08-20');
insert into Pedidos (PedidoID, ClienteID, ProdutoID, VendedorID, Quantidade, DataPedido) values (232, 4, 50, 5, 4, '2022-07-15');
insert into Pedidos (PedidoID, ClienteID, ProdutoID, VendedorID, Quantidade, DataPedido) values (233, 5, 15, 9, 2, '2024-01-22');
insert into Pedidos (PedidoID, ClienteID, ProdutoID, VendedorID, Quantidade, DataPedido) values (234, 8, 43, 1, 1, '2024-04-16');
insert into Pedidos (PedidoID, ClienteID, ProdutoID, VendedorID, Quantidade, DataPedido) values (235, 8, 37, 4, 3, '2022-11-17');
insert into Pedidos (PedidoID, ClienteID, ProdutoID, VendedorID, Quantidade, DataPedido) values (236, 10, 41, 5, 5, '2023-11-18');
insert into Pedidos (PedidoID, ClienteID, ProdutoID, VendedorID, Quantidade, DataPedido) values (237, 1, 16, 8, 5, '2024-02-06');
insert into Pedidos (PedidoID, ClienteID, ProdutoID, VendedorID, Quantidade, DataPedido) values (238, 8, 5, 7, 1, '2024-03-30');
insert into Pedidos (PedidoID, ClienteID, ProdutoID, VendedorID, Quantidade, DataPedido) values (239, 9, 9, 2, 5, '2022-08-13');
insert into Pedidos (PedidoID, ClienteID, ProdutoID, VendedorID, Quantidade, DataPedido) values (240, 6, 8, 3, 1, '2023-02-01');
insert into Pedidos (PedidoID, ClienteID, ProdutoID, VendedorID, Quantidade, DataPedido) values (241, 5, 14, 7, 5, '2024-03-13');
insert into Pedidos (PedidoID, ClienteID, ProdutoID, VendedorID, Quantidade, DataPedido) values (242, 10, 35, 7, 1, '2023-08-04');
insert into Pedidos (PedidoID, ClienteID, ProdutoID, VendedorID, Quantidade, DataPedido) values (243, 3, 3, 6, 3, '2023-12-30');
insert into Pedidos (PedidoID, ClienteID, ProdutoID, VendedorID, Quantidade, DataPedido) values (244, 1, 37, 5, 5, '2023-06-18');
insert into Pedidos (PedidoID, ClienteID, ProdutoID, VendedorID, Quantidade, DataPedido) values (245, 6, 3, 8, 4, '2022-10-29');
insert into Pedidos (PedidoID, ClienteID, ProdutoID, VendedorID, Quantidade, DataPedido) values (246, 4, 48, 5, 5, '2023-10-16');
insert into Pedidos (PedidoID, ClienteID, ProdutoID, VendedorID, Quantidade, DataPedido) values (247, 2, 42, 6, 3, '2024-02-08');
insert into Pedidos (PedidoID, ClienteID, ProdutoID, VendedorID, Quantidade, DataPedido) values (248, 2, 40, 1, 5, '2023-04-13');
insert into Pedidos (PedidoID, ClienteID, ProdutoID, VendedorID, Quantidade, DataPedido) values (249, 6, 31, 3, 4, '2024-03-20');
insert into Pedidos (PedidoID, ClienteID, ProdutoID, VendedorID, Quantidade, DataPedido) values (250, 6, 25, 4, 4, '2023-04-14');
insert into Pedidos (PedidoID, ClienteID, ProdutoID, VendedorID, Quantidade, DataPedido) values (251, 1, 33, 4, 4, '2022-05-04');
insert into Pedidos (PedidoID, ClienteID, ProdutoID, VendedorID, Quantidade, DataPedido) values (252, 4, 12, 3, 5, '2023-03-23');
insert into Pedidos (PedidoID, ClienteID, ProdutoID, VendedorID, Quantidade, DataPedido) values (253, 2, 17, 5, 3, '2023-06-06');
insert into Pedidos (PedidoID, ClienteID, ProdutoID, VendedorID, Quantidade, DataPedido) values (254, 8, 43, 2, 5, '2022-07-29');
insert into Pedidos (PedidoID, ClienteID, ProdutoID, VendedorID, Quantidade, DataPedido) values (255, 4, 31, 8, 5, '2023-05-21');
insert into Pedidos (PedidoID, ClienteID, ProdutoID, VendedorID, Quantidade, DataPedido) values (256, 2, 22, 1, 3, '2023-09-22');
insert into Pedidos (PedidoID, ClienteID, ProdutoID, VendedorID, Quantidade, DataPedido) values (257, 6, 40, 5, 5, '2023-03-23');
insert into Pedidos (PedidoID, ClienteID, ProdutoID, VendedorID, Quantidade, DataPedido) values (258, 7, 9, 2, 5, '2023-12-14');
insert into Pedidos (PedidoID, ClienteID, ProdutoID, VendedorID, Quantidade, DataPedido) values (259, 8, 29, 3, 5, '2023-09-30');
insert into Pedidos (PedidoID, ClienteID, ProdutoID, VendedorID, Quantidade, DataPedido) values (260, 7, 31, 1, 5, '2022-05-14');
insert into Pedidos (PedidoID, ClienteID, ProdutoID, VendedorID, Quantidade, DataPedido) values (261, 9, 43, 6, 3, '2022-08-06');
insert into Pedidos (PedidoID, ClienteID, ProdutoID, VendedorID, Quantidade, DataPedido) values (262, 4, 10, 9, 1, '2024-02-20');
insert into Pedidos (PedidoID, ClienteID, ProdutoID, VendedorID, Quantidade, DataPedido) values (263, 3, 34, 7, 4, '2022-04-29');
insert into Pedidos (PedidoID, ClienteID, ProdutoID, VendedorID, Quantidade, DataPedido) values (264, 2, 13, 6, 5, '2023-03-13');
insert into Pedidos (PedidoID, ClienteID, ProdutoID, VendedorID, Quantidade, DataPedido) values (265, 2, 37, 9, 5, '2024-04-16');
insert into Pedidos (PedidoID, ClienteID, ProdutoID, VendedorID, Quantidade, DataPedido) values (266, 10, 1, 2, 2, '2024-04-03');
insert into Pedidos (PedidoID, ClienteID, ProdutoID, VendedorID, Quantidade, DataPedido) values (267, 4, 40, 2, 3, '2023-02-25');
insert into Pedidos (PedidoID, ClienteID, ProdutoID, VendedorID, Quantidade, DataPedido) values (268, 1, 14, 9, 3, '2023-05-28');
insert into Pedidos (PedidoID, ClienteID, ProdutoID, VendedorID, Quantidade, DataPedido) values (269, 9, 37, 4, 3, '2023-08-05');
insert into Pedidos (PedidoID, ClienteID, ProdutoID, VendedorID, Quantidade, DataPedido) values (270, 8, 5, 2, 1, '2022-10-14');
insert into Pedidos (PedidoID, ClienteID, ProdutoID, VendedorID, Quantidade, DataPedido) values (271, 3, 36, 7, 4, '2022-06-18');
insert into Pedidos (PedidoID, ClienteID, ProdutoID, VendedorID, Quantidade, DataPedido) values (272, 3, 7, 7, 4, '2023-08-27');
insert into Pedidos (PedidoID, ClienteID, ProdutoID, VendedorID, Quantidade, DataPedido) values (273, 10, 50, 10, 1, '2023-03-07');
insert into Pedidos (PedidoID, ClienteID, ProdutoID, VendedorID, Quantidade, DataPedido) values (274, 4, 9, 1, 4, '2024-03-30');
insert into Pedidos (PedidoID, ClienteID, ProdutoID, VendedorID, Quantidade, DataPedido) values (275, 6, 15, 10, 5, '2022-10-03');
insert into Pedidos (PedidoID, ClienteID, ProdutoID, VendedorID, Quantidade, DataPedido) values (276, 3, 24, 4, 2, '2024-03-06');
insert into Pedidos (PedidoID, ClienteID, ProdutoID, VendedorID, Quantidade, DataPedido) values (277, 6, 2, 1, 1, '2023-01-20');
insert into Pedidos (PedidoID, ClienteID, ProdutoID, VendedorID, Quantidade, DataPedido) values (278, 8, 46, 9, 5, '2024-03-13');
insert into Pedidos (PedidoID, ClienteID, ProdutoID, VendedorID, Quantidade, DataPedido) values (279, 2, 24, 5, 2, '2022-08-29');
insert into Pedidos (PedidoID, ClienteID, ProdutoID, VendedorID, Quantidade, DataPedido) values (280, 6, 43, 5, 3, '2023-09-07');
insert into Pedidos (PedidoID, ClienteID, ProdutoID, VendedorID, Quantidade, DataPedido) values (281, 6, 44, 9, 2, '2023-04-01');
insert into Pedidos (PedidoID, ClienteID, ProdutoID, VendedorID, Quantidade, DataPedido) values (282, 3, 28, 5, 5, '2022-08-27');
insert into Pedidos (PedidoID, ClienteID, ProdutoID, VendedorID, Quantidade, DataPedido) values (283, 5, 29, 6, 4, '2023-03-01');
insert into Pedidos (PedidoID, ClienteID, ProdutoID, VendedorID, Quantidade, DataPedido) values (284, 6, 36, 3, 4, '2024-02-15');
insert into Pedidos (PedidoID, ClienteID, ProdutoID, VendedorID, Quantidade, DataPedido) values (285, 5, 17, 10, 4, '2022-05-30');
insert into Pedidos (PedidoID, ClienteID, ProdutoID, VendedorID, Quantidade, DataPedido) values (286, 9, 25, 6, 4, '2023-03-16');
insert into Pedidos (PedidoID, ClienteID, ProdutoID, VendedorID, Quantidade, DataPedido) values (287, 5, 2, 2, 2, '2022-11-17');
insert into Pedidos (PedidoID, ClienteID, ProdutoID, VendedorID, Quantidade, DataPedido) values (288, 4, 34, 9, 3, '2023-12-07');
insert into Pedidos (PedidoID, ClienteID, ProdutoID, VendedorID, Quantidade, DataPedido) values (289, 2, 19, 7, 3, '2024-04-28');
insert into Pedidos (PedidoID, ClienteID, ProdutoID, VendedorID, Quantidade, DataPedido) values (290, 3, 47, 4, 2, '2024-04-11');
insert into Pedidos (PedidoID, ClienteID, ProdutoID, VendedorID, Quantidade, DataPedido) values (291, 4, 20, 9, 5, '2022-11-13');
insert into Pedidos (PedidoID, ClienteID, ProdutoID, VendedorID, Quantidade, DataPedido) values (292, 9, 14, 8, 1, '2023-01-07');
insert into Pedidos (PedidoID, ClienteID, ProdutoID, VendedorID, Quantidade, DataPedido) values (293, 2, 35, 5, 2, '2023-09-01');
insert into Pedidos (PedidoID, ClienteID, ProdutoID, VendedorID, Quantidade, DataPedido) values (294, 1, 10, 5, 2, '2023-07-22');
insert into Pedidos (PedidoID, ClienteID, ProdutoID, VendedorID, Quantidade, DataPedido) values (295, 9, 6, 1, 2, '2024-03-16');
insert into Pedidos (PedidoID, ClienteID, ProdutoID, VendedorID, Quantidade, DataPedido) values (296, 1, 32, 10, 3, '2023-05-31');
insert into Pedidos (PedidoID, ClienteID, ProdutoID, VendedorID, Quantidade, DataPedido) values (297, 7, 30, 8, 3, '2024-02-12');
insert into Pedidos (PedidoID, ClienteID, ProdutoID, VendedorID, Quantidade, DataPedido) values (298, 8, 29, 8, 1, '2022-08-10');
insert into Pedidos (PedidoID, ClienteID, ProdutoID, VendedorID, Quantidade, DataPedido) values (299, 6, 41, 8, 4, '2023-01-07');
insert into Pedidos (PedidoID, ClienteID, ProdutoID, VendedorID, Quantidade, DataPedido) values (300, 2, 30, 3, 5, '2023-06-04');
insert into Pedidos (PedidoID, ClienteID, ProdutoID, VendedorID, Quantidade, DataPedido) values (301, 10, 36, 9, 5, '2023-03-20');
insert into Pedidos (PedidoID, ClienteID, ProdutoID, VendedorID, Quantidade, DataPedido) values (302, 1, 3, 1, 1, '2023-06-22');
insert into Pedidos (PedidoID, ClienteID, ProdutoID, VendedorID, Quantidade, DataPedido) values (303, 7, 7, 6, 5, '2023-05-16');
insert into Pedidos (PedidoID, ClienteID, ProdutoID, VendedorID, Quantidade, DataPedido) values (304, 4, 44, 1, 5, '2023-06-11');
insert into Pedidos (PedidoID, ClienteID, ProdutoID, VendedorID, Quantidade, DataPedido) values (305, 5, 8, 6, 3, '2023-12-14');
insert into Pedidos (PedidoID, ClienteID, ProdutoID, VendedorID, Quantidade, DataPedido) values (306, 9, 13, 5, 2, '2023-04-03');
insert into Pedidos (PedidoID, ClienteID, ProdutoID, VendedorID, Quantidade, DataPedido) values (307, 3, 25, 9, 3, '2022-11-24');
insert into Pedidos (PedidoID, ClienteID, ProdutoID, VendedorID, Quantidade, DataPedido) values (308, 1, 39, 3, 3, '2023-06-16');
insert into Pedidos (PedidoID, ClienteID, ProdutoID, VendedorID, Quantidade, DataPedido) values (309, 6, 26, 7, 5, '2022-06-02');
insert into Pedidos (PedidoID, ClienteID, ProdutoID, VendedorID, Quantidade, DataPedido) values (310, 4, 8, 9, 4, '2022-04-19');
insert into Pedidos (PedidoID, ClienteID, ProdutoID, VendedorID, Quantidade, DataPedido) values (311, 10, 34, 2, 5, '2024-03-03');
insert into Pedidos (PedidoID, ClienteID, ProdutoID, VendedorID, Quantidade, DataPedido) values (312, 4, 43, 10, 3, '2022-04-10');
insert into Pedidos (PedidoID, ClienteID, ProdutoID, VendedorID, Quantidade, DataPedido) values (313, 6, 15, 9, 2, '2023-10-31');
insert into Pedidos (PedidoID, ClienteID, ProdutoID, VendedorID, Quantidade, DataPedido) values (314, 8, 48, 3, 1, '2024-01-09');
insert into Pedidos (PedidoID, ClienteID, ProdutoID, VendedorID, Quantidade, DataPedido) values (315, 3, 30, 1, 2, '2023-01-20');
insert into Pedidos (PedidoID, ClienteID, ProdutoID, VendedorID, Quantidade, DataPedido) values (316, 10, 43, 5, 2, '2024-02-10');
insert into Pedidos (PedidoID, ClienteID, ProdutoID, VendedorID, Quantidade, DataPedido) values (317, 2, 24, 3, 5, '2022-08-29');
insert into Pedidos (PedidoID, ClienteID, ProdutoID, VendedorID, Quantidade, DataPedido) values (318, 2, 34, 9, 1, '2022-09-06');
insert into Pedidos (PedidoID, ClienteID, ProdutoID, VendedorID, Quantidade, DataPedido) values (319, 4, 37, 3, 3, '2022-09-23');
insert into Pedidos (PedidoID, ClienteID, ProdutoID, VendedorID, Quantidade, DataPedido) values (320, 4, 7, 5, 4, '2023-03-19');
insert into Pedidos (PedidoID, ClienteID, ProdutoID, VendedorID, Quantidade, DataPedido) values (321, 7, 2, 7, 1, '2023-01-28');
insert into Pedidos (PedidoID, ClienteID, ProdutoID, VendedorID, Quantidade, DataPedido) values (322, 9, 28, 3, 4, '2022-05-19');
insert into Pedidos (PedidoID, ClienteID, ProdutoID, VendedorID, Quantidade, DataPedido) values (323, 10, 47, 8, 5, '2023-08-05');
insert into Pedidos (PedidoID, ClienteID, ProdutoID, VendedorID, Quantidade, DataPedido) values (324, 6, 7, 5, 4, '2022-11-04');
insert into Pedidos (PedidoID, ClienteID, ProdutoID, VendedorID, Quantidade, DataPedido) values (325, 10, 28, 4, 5, '2023-09-10');
insert into Pedidos (PedidoID, ClienteID, ProdutoID, VendedorID, Quantidade, DataPedido) values (326, 2, 14, 1, 2, '2023-03-19');
insert into Pedidos (PedidoID, ClienteID, ProdutoID, VendedorID, Quantidade, DataPedido) values (327, 1, 34, 4, 4, '2023-12-29');
insert into Pedidos (PedidoID, ClienteID, ProdutoID, VendedorID, Quantidade, DataPedido) values (328, 3, 5, 4, 2, '2022-12-11');
insert into Pedidos (PedidoID, ClienteID, ProdutoID, VendedorID, Quantidade, DataPedido) values (329, 8, 1, 8, 3, '2023-01-28');
insert into Pedidos (PedidoID, ClienteID, ProdutoID, VendedorID, Quantidade, DataPedido) values (330, 5, 24, 9, 2, '2024-03-02');
insert into Pedidos (PedidoID, ClienteID, ProdutoID, VendedorID, Quantidade, DataPedido) values (331, 4, 4, 2, 1, '2022-12-25');
insert into Pedidos (PedidoID, ClienteID, ProdutoID, VendedorID, Quantidade, DataPedido) values (332, 4, 39, 6, 5, '2023-02-12');
insert into Pedidos (PedidoID, ClienteID, ProdutoID, VendedorID, Quantidade, DataPedido) values (333, 7, 39, 1, 4, '2023-05-27');
insert into Pedidos (PedidoID, ClienteID, ProdutoID, VendedorID, Quantidade, DataPedido) values (334, 3, 36, 5, 5, '2023-09-21');
insert into Pedidos (PedidoID, ClienteID, ProdutoID, VendedorID, Quantidade, DataPedido) values (335, 6, 8, 9, 1, '2023-11-21');
insert into Pedidos (PedidoID, ClienteID, ProdutoID, VendedorID, Quantidade, DataPedido) values (336, 6, 17, 10, 3, '2022-06-13');
insert into Pedidos (PedidoID, ClienteID, ProdutoID, VendedorID, Quantidade, DataPedido) values (337, 4, 36, 8, 2, '2022-10-29');
insert into Pedidos (PedidoID, ClienteID, ProdutoID, VendedorID, Quantidade, DataPedido) values (338, 3, 6, 3, 2, '2023-06-09');
insert into Pedidos (PedidoID, ClienteID, ProdutoID, VendedorID, Quantidade, DataPedido) values (339, 5, 9, 9, 3, '2024-03-08');
insert into Pedidos (PedidoID, ClienteID, ProdutoID, VendedorID, Quantidade, DataPedido) values (340, 3, 38, 6, 5, '2023-04-07');
insert into Pedidos (PedidoID, ClienteID, ProdutoID, VendedorID, Quantidade, DataPedido) values (341, 10, 34, 7, 4, '2022-10-08');
insert into Pedidos (PedidoID, ClienteID, ProdutoID, VendedorID, Quantidade, DataPedido) values (342, 7, 38, 3, 5, '2024-04-07');
insert into Pedidos (PedidoID, ClienteID, ProdutoID, VendedorID, Quantidade, DataPedido) values (343, 6, 11, 5, 5, '2023-05-18');
insert into Pedidos (PedidoID, ClienteID, ProdutoID, VendedorID, Quantidade, DataPedido) values (344, 1, 46, 10, 3, '2022-11-17');
insert into Pedidos (PedidoID, ClienteID, ProdutoID, VendedorID, Quantidade, DataPedido) values (345, 10, 9, 7, 4, '2023-07-24');
insert into Pedidos (PedidoID, ClienteID, ProdutoID, VendedorID, Quantidade, DataPedido) values (346, 8, 30, 5, 3, '2022-09-22');
insert into Pedidos (PedidoID, ClienteID, ProdutoID, VendedorID, Quantidade, DataPedido) values (347, 9, 17, 9, 3, '2023-01-03');
insert into Pedidos (PedidoID, ClienteID, ProdutoID, VendedorID, Quantidade, DataPedido) values (348, 9, 21, 6, 2, '2022-05-26');
insert into Pedidos (PedidoID, ClienteID, ProdutoID, VendedorID, Quantidade, DataPedido) values (349, 4, 22, 1, 1, '2023-08-01');
insert into Pedidos (PedidoID, ClienteID, ProdutoID, VendedorID, Quantidade, DataPedido) values (350, 6, 27, 9, 3, '2023-09-10');
insert into Pedidos (PedidoID, ClienteID, ProdutoID, VendedorID, Quantidade, DataPedido) values (351, 2, 18, 10, 4, '2023-11-20');
insert into Pedidos (PedidoID, ClienteID, ProdutoID, VendedorID, Quantidade, DataPedido) values (352, 10, 45, 6, 4, '2024-03-27');
insert into Pedidos (PedidoID, ClienteID, ProdutoID, VendedorID, Quantidade, DataPedido) values (353, 3, 22, 9, 5, '2022-07-24');
insert into Pedidos (PedidoID, ClienteID, ProdutoID, VendedorID, Quantidade, DataPedido) values (354, 6, 13, 9, 2, '2022-09-14');
insert into Pedidos (PedidoID, ClienteID, ProdutoID, VendedorID, Quantidade, DataPedido) values (355, 10, 24, 2, 2, '2022-04-27');
insert into Pedidos (PedidoID, ClienteID, ProdutoID, VendedorID, Quantidade, DataPedido) values (356, 3, 41, 6, 1, '2023-12-02');
insert into Pedidos (PedidoID, ClienteID, ProdutoID, VendedorID, Quantidade, DataPedido) values (357, 4, 20, 2, 3, '2023-05-30');
insert into Pedidos (PedidoID, ClienteID, ProdutoID, VendedorID, Quantidade, DataPedido) values (358, 4, 45, 9, 3, '2023-03-14');
insert into Pedidos (PedidoID, ClienteID, ProdutoID, VendedorID, Quantidade, DataPedido) values (359, 2, 29, 3, 1, '2022-04-21');
insert into Pedidos (PedidoID, ClienteID, ProdutoID, VendedorID, Quantidade, DataPedido) values (360, 1, 13, 5, 1, '2024-03-10');
insert into Pedidos (PedidoID, ClienteID, ProdutoID, VendedorID, Quantidade, DataPedido) values (361, 2, 25, 6, 4, '2023-11-11');
insert into Pedidos (PedidoID, ClienteID, ProdutoID, VendedorID, Quantidade, DataPedido) values (362, 2, 39, 1, 3, '2022-10-27');
insert into Pedidos (PedidoID, ClienteID, ProdutoID, VendedorID, Quantidade, DataPedido) values (363, 4, 32, 3, 3, '2024-01-16');
insert into Pedidos (PedidoID, ClienteID, ProdutoID, VendedorID, Quantidade, DataPedido) values (364, 4, 29, 3, 2, '2022-06-15');
insert into Pedidos (PedidoID, ClienteID, ProdutoID, VendedorID, Quantidade, DataPedido) values (365, 2, 24, 5, 2, '2023-01-07');
insert into Pedidos (PedidoID, ClienteID, ProdutoID, VendedorID, Quantidade, DataPedido) values (366, 8, 15, 6, 4, '2023-12-21');
insert into Pedidos (PedidoID, ClienteID, ProdutoID, VendedorID, Quantidade, DataPedido) values (367, 3, 20, 2, 3, '2023-07-25');
insert into Pedidos (PedidoID, ClienteID, ProdutoID, VendedorID, Quantidade, DataPedido) values (368, 1, 26, 9, 4, '2023-11-26');
insert into Pedidos (PedidoID, ClienteID, ProdutoID, VendedorID, Quantidade, DataPedido) values (369, 1, 47, 5, 1, '2022-12-09');
insert into Pedidos (PedidoID, ClienteID, ProdutoID, VendedorID, Quantidade, DataPedido) values (370, 8, 21, 9, 3, '2023-09-23');
insert into Pedidos (PedidoID, ClienteID, ProdutoID, VendedorID, Quantidade, DataPedido) values (371, 7, 25, 4, 3, '2023-03-05');
insert into Pedidos (PedidoID, ClienteID, ProdutoID, VendedorID, Quantidade, DataPedido) values (372, 4, 17, 1, 3, '2022-12-26');
insert into Pedidos (PedidoID, ClienteID, ProdutoID, VendedorID, Quantidade, DataPedido) values (373, 4, 35, 9, 5, '2024-02-05');
insert into Pedidos (PedidoID, ClienteID, ProdutoID, VendedorID, Quantidade, DataPedido) values (374, 8, 32, 4, 1, '2023-01-31');
insert into Pedidos (PedidoID, ClienteID, ProdutoID, VendedorID, Quantidade, DataPedido) values (375, 6, 45, 7, 2, '2023-06-29');
insert into Pedidos (PedidoID, ClienteID, ProdutoID, VendedorID, Quantidade, DataPedido) values (376, 10, 42, 3, 5, '2022-04-22');
insert into Pedidos (PedidoID, ClienteID, ProdutoID, VendedorID, Quantidade, DataPedido) values (377, 6, 11, 6, 2, '2024-01-24');
insert into Pedidos (PedidoID, ClienteID, ProdutoID, VendedorID, Quantidade, DataPedido) values (378, 1, 17, 8, 5, '2023-04-18');
insert into Pedidos (PedidoID, ClienteID, ProdutoID, VendedorID, Quantidade, DataPedido) values (379, 5, 6, 5, 4, '2023-04-28');
insert into Pedidos (PedidoID, ClienteID, ProdutoID, VendedorID, Quantidade, DataPedido) values (380, 4, 3, 7, 4, '2022-10-01');
insert into Pedidos (PedidoID, ClienteID, ProdutoID, VendedorID, Quantidade, DataPedido) values (381, 9, 32, 8, 5, '2022-05-11');
insert into Pedidos (PedidoID, ClienteID, ProdutoID, VendedorID, Quantidade, DataPedido) values (382, 4, 42, 7, 3, '2024-03-07');
insert into Pedidos (PedidoID, ClienteID, ProdutoID, VendedorID, Quantidade, DataPedido) values (383, 4, 31, 3, 2, '2023-06-05');
insert into Pedidos (PedidoID, ClienteID, ProdutoID, VendedorID, Quantidade, DataPedido) values (384, 9, 47, 1, 2, '2023-09-09');
insert into Pedidos (PedidoID, ClienteID, ProdutoID, VendedorID, Quantidade, DataPedido) values (385, 7, 28, 2, 2, '2024-04-10');
insert into Pedidos (PedidoID, ClienteID, ProdutoID, VendedorID, Quantidade, DataPedido) values (386, 1, 44, 10, 4, '2022-06-27');
insert into Pedidos (PedidoID, ClienteID, ProdutoID, VendedorID, Quantidade, DataPedido) values (387, 8, 36, 2, 1, '2023-05-01');
insert into Pedidos (PedidoID, ClienteID, ProdutoID, VendedorID, Quantidade, DataPedido) values (388, 5, 20, 4, 5, '2023-05-18');
insert into Pedidos (PedidoID, ClienteID, ProdutoID, VendedorID, Quantidade, DataPedido) values (389, 9, 3, 6, 3, '2023-05-06');
insert into Pedidos (PedidoID, ClienteID, ProdutoID, VendedorID, Quantidade, DataPedido) values (390, 7, 17, 9, 5, '2024-02-17');
insert into Pedidos (PedidoID, ClienteID, ProdutoID, VendedorID, Quantidade, DataPedido) values (391, 5, 47, 4, 2, '2023-10-22');
insert into Pedidos (PedidoID, ClienteID, ProdutoID, VendedorID, Quantidade, DataPedido) values (392, 5, 41, 5, 1, '2023-04-29');
insert into Pedidos (PedidoID, ClienteID, ProdutoID, VendedorID, Quantidade, DataPedido) values (393, 10, 21, 5, 5, '2023-09-04');
insert into Pedidos (PedidoID, ClienteID, ProdutoID, VendedorID, Quantidade, DataPedido) values (394, 2, 28, 2, 1, '2023-07-18');
insert into Pedidos (PedidoID, ClienteID, ProdutoID, VendedorID, Quantidade, DataPedido) values (395, 10, 18, 3, 4, '2024-03-28');
insert into Pedidos (PedidoID, ClienteID, ProdutoID, VendedorID, Quantidade, DataPedido) values (396, 9, 23, 7, 1, '2023-11-02');
insert into Pedidos (PedidoID, ClienteID, ProdutoID, VendedorID, Quantidade, DataPedido) values (397, 2, 17, 6, 1, '2022-09-19');
insert into Pedidos (PedidoID, ClienteID, ProdutoID, VendedorID, Quantidade, DataPedido) values (398, 2, 25, 6, 1, '2022-11-15');
insert into Pedidos (PedidoID, ClienteID, ProdutoID, VendedorID, Quantidade, DataPedido) values (399, 5, 7, 7, 1, '2024-03-21');
insert into Pedidos (PedidoID, ClienteID, ProdutoID, VendedorID, Quantidade, DataPedido) values (400, 8, 30, 3, 1, '2023-09-06');
insert into Pedidos (PedidoID, ClienteID, ProdutoID, VendedorID, Quantidade, DataPedido) values (401, 4, 48, 9, 2, '2022-11-08');
insert into Pedidos (PedidoID, ClienteID, ProdutoID, VendedorID, Quantidade, DataPedido) values (402, 5, 12, 6, 1, '2023-02-23');
insert into Pedidos (PedidoID, ClienteID, ProdutoID, VendedorID, Quantidade, DataPedido) values (403, 1, 42, 8, 5, '2024-02-21');
insert into Pedidos (PedidoID, ClienteID, ProdutoID, VendedorID, Quantidade, DataPedido) values (404, 8, 23, 6, 2, '2023-04-04');
insert into Pedidos (PedidoID, ClienteID, ProdutoID, VendedorID, Quantidade, DataPedido) values (405, 4, 41, 4, 3, '2023-08-26');
insert into Pedidos (PedidoID, ClienteID, ProdutoID, VendedorID, Quantidade, DataPedido) values (406, 2, 27, 4, 4, '2022-07-10');
insert into Pedidos (PedidoID, ClienteID, ProdutoID, VendedorID, Quantidade, DataPedido) values (407, 8, 46, 9, 1, '2023-07-18');
insert into Pedidos (PedidoID, ClienteID, ProdutoID, VendedorID, Quantidade, DataPedido) values (408, 6, 21, 2, 3, '2023-10-29');
insert into Pedidos (PedidoID, ClienteID, ProdutoID, VendedorID, Quantidade, DataPedido) values (409, 7, 13, 2, 3, '2024-01-08');
insert into Pedidos (PedidoID, ClienteID, ProdutoID, VendedorID, Quantidade, DataPedido) values (410, 7, 4, 1, 5, '2023-08-06');
insert into Pedidos (PedidoID, ClienteID, ProdutoID, VendedorID, Quantidade, DataPedido) values (411, 8, 8, 7, 2, '2022-05-12');
insert into Pedidos (PedidoID, ClienteID, ProdutoID, VendedorID, Quantidade, DataPedido) values (412, 7, 6, 8, 4, '2022-05-01');
insert into Pedidos (PedidoID, ClienteID, ProdutoID, VendedorID, Quantidade, DataPedido) values (413, 6, 9, 6, 4, '2024-02-04');
insert into Pedidos (PedidoID, ClienteID, ProdutoID, VendedorID, Quantidade, DataPedido) values (414, 9, 22, 2, 2, '2022-08-18');
insert into Pedidos (PedidoID, ClienteID, ProdutoID, VendedorID, Quantidade, DataPedido) values (415, 8, 8, 2, 4, '2022-09-15');
insert into Pedidos (PedidoID, ClienteID, ProdutoID, VendedorID, Quantidade, DataPedido) values (416, 10, 3, 3, 5, '2023-05-03');
insert into Pedidos (PedidoID, ClienteID, ProdutoID, VendedorID, Quantidade, DataPedido) values (417, 1, 26, 5, 5, '2024-04-05');
insert into Pedidos (PedidoID, ClienteID, ProdutoID, VendedorID, Quantidade, DataPedido) values (418, 6, 21, 3, 5, '2022-12-10');
insert into Pedidos (PedidoID, ClienteID, ProdutoID, VendedorID, Quantidade, DataPedido) values (419, 6, 1, 6, 2, '2024-04-28');
insert into Pedidos (PedidoID, ClienteID, ProdutoID, VendedorID, Quantidade, DataPedido) values (420, 9, 21, 1, 1, '2022-10-16');
insert into Pedidos (PedidoID, ClienteID, ProdutoID, VendedorID, Quantidade, DataPedido) values (421, 10, 28, 3, 5, '2024-04-12');
insert into Pedidos (PedidoID, ClienteID, ProdutoID, VendedorID, Quantidade, DataPedido) values (422, 6, 21, 2, 4, '2022-10-01');
insert into Pedidos (PedidoID, ClienteID, ProdutoID, VendedorID, Quantidade, DataPedido) values (423, 3, 44, 9, 4, '2023-02-02');
insert into Pedidos (PedidoID, ClienteID, ProdutoID, VendedorID, Quantidade, DataPedido) values (424, 1, 21, 10, 2, '2023-03-04');
insert into Pedidos (PedidoID, ClienteID, ProdutoID, VendedorID, Quantidade, DataPedido) values (425, 4, 38, 10, 1, '2024-02-15');
insert into Pedidos (PedidoID, ClienteID, ProdutoID, VendedorID, Quantidade, DataPedido) values (426, 8, 14, 4, 3, '2023-02-25');
insert into Pedidos (PedidoID, ClienteID, ProdutoID, VendedorID, Quantidade, DataPedido) values (427, 1, 19, 2, 4, '2022-04-06');
insert into Pedidos (PedidoID, ClienteID, ProdutoID, VendedorID, Quantidade, DataPedido) values (428, 1, 21, 4, 3, '2024-01-07');
insert into Pedidos (PedidoID, ClienteID, ProdutoID, VendedorID, Quantidade, DataPedido) values (429, 10, 46, 10, 3, '2022-05-06');
insert into Pedidos (PedidoID, ClienteID, ProdutoID, VendedorID, Quantidade, DataPedido) values (430, 9, 39, 9, 5, '2023-01-02');
insert into Pedidos (PedidoID, ClienteID, ProdutoID, VendedorID, Quantidade, DataPedido) values (431, 9, 5, 10, 3, '2022-11-05');
insert into Pedidos (PedidoID, ClienteID, ProdutoID, VendedorID, Quantidade, DataPedido) values (432, 8, 22, 9, 2, '2022-11-11');
insert into Pedidos (PedidoID, ClienteID, ProdutoID, VendedorID, Quantidade, DataPedido) values (433, 9, 12, 8, 1, '2022-08-25');
insert into Pedidos (PedidoID, ClienteID, ProdutoID, VendedorID, Quantidade, DataPedido) values (434, 8, 15, 1, 5, '2022-11-19');
insert into Pedidos (PedidoID, ClienteID, ProdutoID, VendedorID, Quantidade, DataPedido) values (435, 8, 49, 7, 3, '2022-12-18');
insert into Pedidos (PedidoID, ClienteID, ProdutoID, VendedorID, Quantidade, DataPedido) values (436, 4, 7, 1, 3, '2023-04-27');
insert into Pedidos (PedidoID, ClienteID, ProdutoID, VendedorID, Quantidade, DataPedido) values (437, 1, 21, 5, 5, '2022-06-11');
insert into Pedidos (PedidoID, ClienteID, ProdutoID, VendedorID, Quantidade, DataPedido) values (438, 8, 44, 8, 4, '2023-11-27');
insert into Pedidos (PedidoID, ClienteID, ProdutoID, VendedorID, Quantidade, DataPedido) values (439, 1, 50, 10, 4, '2022-09-12');
insert into Pedidos (PedidoID, ClienteID, ProdutoID, VendedorID, Quantidade, DataPedido) values (440, 7, 39, 2, 4, '2022-10-30');
insert into Pedidos (PedidoID, ClienteID, ProdutoID, VendedorID, Quantidade, DataPedido) values (441, 5, 19, 3, 4, '2023-04-03');
insert into Pedidos (PedidoID, ClienteID, ProdutoID, VendedorID, Quantidade, DataPedido) values (442, 7, 48, 7, 5, '2023-11-24');
insert into Pedidos (PedidoID, ClienteID, ProdutoID, VendedorID, Quantidade, DataPedido) values (443, 4, 36, 6, 2, '2022-04-09');
insert into Pedidos (PedidoID, ClienteID, ProdutoID, VendedorID, Quantidade, DataPedido) values (444, 7, 12, 5, 3, '2022-08-14');
insert into Pedidos (PedidoID, ClienteID, ProdutoID, VendedorID, Quantidade, DataPedido) values (445, 1, 34, 2, 3, '2023-10-04');
insert into Pedidos (PedidoID, ClienteID, ProdutoID, VendedorID, Quantidade, DataPedido) values (446, 3, 34, 8, 5, '2024-03-17');
insert into Pedidos (PedidoID, ClienteID, ProdutoID, VendedorID, Quantidade, DataPedido) values (447, 10, 48, 6, 3, '2022-08-17');
insert into Pedidos (PedidoID, ClienteID, ProdutoID, VendedorID, Quantidade, DataPedido) values (448, 7, 5, 6, 4, '2023-07-02');
insert into Pedidos (PedidoID, ClienteID, ProdutoID, VendedorID, Quantidade, DataPedido) values (449, 4, 49, 6, 1, '2022-05-13');
insert into Pedidos (PedidoID, ClienteID, ProdutoID, VendedorID, Quantidade, DataPedido) values (450, 9, 24, 2, 3, '2024-04-13');
insert into Pedidos (PedidoID, ClienteID, ProdutoID, VendedorID, Quantidade, DataPedido) values (451, 2, 24, 5, 5, '2023-05-07');
insert into Pedidos (PedidoID, ClienteID, ProdutoID, VendedorID, Quantidade, DataPedido) values (452, 3, 12, 3, 3, '2022-05-05');
insert into Pedidos (PedidoID, ClienteID, ProdutoID, VendedorID, Quantidade, DataPedido) values (453, 5, 6, 6, 1, '2023-09-25');
insert into Pedidos (PedidoID, ClienteID, ProdutoID, VendedorID, Quantidade, DataPedido) values (454, 3, 43, 8, 5, '2022-11-24');
insert into Pedidos (PedidoID, ClienteID, ProdutoID, VendedorID, Quantidade, DataPedido) values (455, 9, 39, 4, 2, '2022-09-12');
insert into Pedidos (PedidoID, ClienteID, ProdutoID, VendedorID, Quantidade, DataPedido) values (456, 7, 38, 10, 1, '2023-12-30');
insert into Pedidos (PedidoID, ClienteID, ProdutoID, VendedorID, Quantidade, DataPedido) values (457, 5, 44, 8, 1, '2024-01-08');
insert into Pedidos (PedidoID, ClienteID, ProdutoID, VendedorID, Quantidade, DataPedido) values (458, 5, 41, 3, 1, '2023-07-11');
insert into Pedidos (PedidoID, ClienteID, ProdutoID, VendedorID, Quantidade, DataPedido) values (459, 4, 48, 3, 4, '2022-08-22');
insert into Pedidos (PedidoID, ClienteID, ProdutoID, VendedorID, Quantidade, DataPedido) values (460, 10, 48, 8, 2, '2022-11-24');
insert into Pedidos (PedidoID, ClienteID, ProdutoID, VendedorID, Quantidade, DataPedido) values (461, 1, 27, 5, 2, '2024-01-14');
insert into Pedidos (PedidoID, ClienteID, ProdutoID, VendedorID, Quantidade, DataPedido) values (462, 9, 9, 2, 1, '2022-04-10');
insert into Pedidos (PedidoID, ClienteID, ProdutoID, VendedorID, Quantidade, DataPedido) values (463, 2, 43, 10, 5, '2022-12-18');
insert into Pedidos (PedidoID, ClienteID, ProdutoID, VendedorID, Quantidade, DataPedido) values (464, 1, 4, 8, 4, '2024-03-01');
insert into Pedidos (PedidoID, ClienteID, ProdutoID, VendedorID, Quantidade, DataPedido) values (465, 5, 6, 1, 2, '2023-12-17');
insert into Pedidos (PedidoID, ClienteID, ProdutoID, VendedorID, Quantidade, DataPedido) values (466, 6, 19, 9, 5, '2022-05-25');
insert into Pedidos (PedidoID, ClienteID, ProdutoID, VendedorID, Quantidade, DataPedido) values (467, 4, 35, 2, 4, '2022-08-12');
insert into Pedidos (PedidoID, ClienteID, ProdutoID, VendedorID, Quantidade, DataPedido) values (468, 3, 5, 4, 2, '2023-11-12');
insert into Pedidos (PedidoID, ClienteID, ProdutoID, VendedorID, Quantidade, DataPedido) values (469, 4, 17, 5, 3, '2023-10-17');
insert into Pedidos (PedidoID, ClienteID, ProdutoID, VendedorID, Quantidade, DataPedido) values (470, 9, 35, 6, 4, '2023-05-27');
insert into Pedidos (PedidoID, ClienteID, ProdutoID, VendedorID, Quantidade, DataPedido) values (471, 6, 40, 4, 4, '2023-08-02');
insert into Pedidos (PedidoID, ClienteID, ProdutoID, VendedorID, Quantidade, DataPedido) values (472, 2, 43, 5, 3, '2022-10-04');
insert into Pedidos (PedidoID, ClienteID, ProdutoID, VendedorID, Quantidade, DataPedido) values (473, 10, 1, 3, 4, '2022-10-02');
insert into Pedidos (PedidoID, ClienteID, ProdutoID, VendedorID, Quantidade, DataPedido) values (474, 2, 9, 3, 5, '2023-08-27');
insert into Pedidos (PedidoID, ClienteID, ProdutoID, VendedorID, Quantidade, DataPedido) values (475, 6, 2, 7, 5, '2023-04-02');
insert into Pedidos (PedidoID, ClienteID, ProdutoID, VendedorID, Quantidade, DataPedido) values (476, 8, 25, 1, 4, '2023-12-19');
insert into Pedidos (PedidoID, ClienteID, ProdutoID, VendedorID, Quantidade, DataPedido) values (477, 4, 6, 1, 3, '2023-10-22');
insert into Pedidos (PedidoID, ClienteID, ProdutoID, VendedorID, Quantidade, DataPedido) values (478, 3, 49, 2, 1, '2023-10-17');
insert into Pedidos (PedidoID, ClienteID, ProdutoID, VendedorID, Quantidade, DataPedido) values (479, 1, 34, 5, 2, '2023-12-21');
insert into Pedidos (PedidoID, ClienteID, ProdutoID, VendedorID, Quantidade, DataPedido) values (480, 8, 1, 10, 1, '2023-09-04');
insert into Pedidos (PedidoID, ClienteID, ProdutoID, VendedorID, Quantidade, DataPedido) values (481, 10, 40, 9, 1, '2022-04-23');
insert into Pedidos (PedidoID, ClienteID, ProdutoID, VendedorID, Quantidade, DataPedido) values (482, 1, 15, 10, 4, '2023-06-02');
insert into Pedidos (PedidoID, ClienteID, ProdutoID, VendedorID, Quantidade, DataPedido) values (483, 7, 38, 7, 4, '2024-03-28');
insert into Pedidos (PedidoID, ClienteID, ProdutoID, VendedorID, Quantidade, DataPedido) values (484, 6, 21, 10, 3, '2023-04-18');
insert into Pedidos (PedidoID, ClienteID, ProdutoID, VendedorID, Quantidade, DataPedido) values (485, 5, 47, 6, 5, '2023-01-03');
insert into Pedidos (PedidoID, ClienteID, ProdutoID, VendedorID, Quantidade, DataPedido) values (486, 3, 43, 10, 1, '2024-01-01');
insert into Pedidos (PedidoID, ClienteID, ProdutoID, VendedorID, Quantidade, DataPedido) values (487, 10, 3, 2, 5, '2022-12-01');
insert into Pedidos (PedidoID, ClienteID, ProdutoID, VendedorID, Quantidade, DataPedido) values (488, 8, 47, 3, 2, '2023-01-18');
insert into Pedidos (PedidoID, ClienteID, ProdutoID, VendedorID, Quantidade, DataPedido) values (489, 7, 20, 1, 4, '2023-09-17');
insert into Pedidos (PedidoID, ClienteID, ProdutoID, VendedorID, Quantidade, DataPedido) values (490, 1, 11, 5, 3, '2024-01-16');
insert into Pedidos (PedidoID, ClienteID, ProdutoID, VendedorID, Quantidade, DataPedido) values (491, 5, 16, 2, 5, '2022-06-20');
insert into Pedidos (PedidoID, ClienteID, ProdutoID, VendedorID, Quantidade, DataPedido) values (492, 9, 39, 1, 1, '2023-04-17');
insert into Pedidos (PedidoID, ClienteID, ProdutoID, VendedorID, Quantidade, DataPedido) values (493, 7, 36, 7, 2, '2023-09-10');
insert into Pedidos (PedidoID, ClienteID, ProdutoID, VendedorID, Quantidade, DataPedido) values (494, 9, 12, 3, 4, '2022-09-28');
insert into Pedidos (PedidoID, ClienteID, ProdutoID, VendedorID, Quantidade, DataPedido) values (495, 3, 24, 8, 5, '2023-02-25');
insert into Pedidos (PedidoID, ClienteID, ProdutoID, VendedorID, Quantidade, DataPedido) values (496, 6, 2, 3, 4, '2022-12-21');
insert into Pedidos (PedidoID, ClienteID, ProdutoID, VendedorID, Quantidade, DataPedido) values (497, 8, 28, 3, 5, '2024-02-19');
insert into Pedidos (PedidoID, ClienteID, ProdutoID, VendedorID, Quantidade, DataPedido) values (498, 9, 7, 6, 5, '2023-06-09');
insert into Pedidos (PedidoID, ClienteID, ProdutoID, VendedorID, Quantidade, DataPedido) values (499, 2, 22, 2, 2, '2024-03-30');
insert into Pedidos (PedidoID, ClienteID, ProdutoID, VendedorID, Quantidade, DataPedido) values (500, 4, 31, 6, 3, '2023-06-04');
insert into Pedidos (PedidoID, ClienteID, ProdutoID, VendedorID, Quantidade, DataPedido) values (501, 4, 24, 10, 3, '2024-02-11');
insert into Pedidos (PedidoID, ClienteID, ProdutoID, VendedorID, Quantidade, DataPedido) values (502, 6, 44, 9, 2, '2022-08-22');
insert into Pedidos (PedidoID, ClienteID, ProdutoID, VendedorID, Quantidade, DataPedido) values (503, 5, 46, 8, 5, '2022-10-22');
insert into Pedidos (PedidoID, ClienteID, ProdutoID, VendedorID, Quantidade, DataPedido) values (504, 1, 48, 9, 3, '2023-09-13');
insert into Pedidos (PedidoID, ClienteID, ProdutoID, VendedorID, Quantidade, DataPedido) values (505, 7, 41, 1, 2, '2023-07-31');
insert into Pedidos (PedidoID, ClienteID, ProdutoID, VendedorID, Quantidade, DataPedido) values (506, 10, 2, 6, 4, '2023-05-07');
insert into Pedidos (PedidoID, ClienteID, ProdutoID, VendedorID, Quantidade, DataPedido) values (507, 1, 17, 3, 5, '2024-04-26');
insert into Pedidos (PedidoID, ClienteID, ProdutoID, VendedorID, Quantidade, DataPedido) values (508, 9, 30, 10, 5, '2022-07-14');
insert into Pedidos (PedidoID, ClienteID, ProdutoID, VendedorID, Quantidade, DataPedido) values (509, 4, 11, 7, 4, '2023-04-09');
insert into Pedidos (PedidoID, ClienteID, ProdutoID, VendedorID, Quantidade, DataPedido) values (510, 4, 13, 9, 4, '2024-01-10');
insert into Pedidos (PedidoID, ClienteID, ProdutoID, VendedorID, Quantidade, DataPedido) values (511, 10, 22, 2, 5, '2022-07-24');
insert into Pedidos (PedidoID, ClienteID, ProdutoID, VendedorID, Quantidade, DataPedido) values (512, 5, 43, 10, 4, '2024-01-06');
insert into Pedidos (PedidoID, ClienteID, ProdutoID, VendedorID, Quantidade, DataPedido) values (513, 7, 29, 8, 2, '2023-03-01');
insert into Pedidos (PedidoID, ClienteID, ProdutoID, VendedorID, Quantidade, DataPedido) values (514, 10, 31, 9, 2, '2022-04-28');
insert into Pedidos (PedidoID, ClienteID, ProdutoID, VendedorID, Quantidade, DataPedido) values (515, 7, 50, 10, 2, '2022-08-19');
insert into Pedidos (PedidoID, ClienteID, ProdutoID, VendedorID, Quantidade, DataPedido) values (516, 10, 26, 1, 5, '2022-08-19');
insert into Pedidos (PedidoID, ClienteID, ProdutoID, VendedorID, Quantidade, DataPedido) values (517, 2, 49, 6, 4, '2022-08-06');
insert into Pedidos (PedidoID, ClienteID, ProdutoID, VendedorID, Quantidade, DataPedido) values (518, 6, 16, 5, 4, '2023-12-24');
insert into Pedidos (PedidoID, ClienteID, ProdutoID, VendedorID, Quantidade, DataPedido) values (519, 6, 31, 6, 2, '2022-05-18');
insert into Pedidos (PedidoID, ClienteID, ProdutoID, VendedorID, Quantidade, DataPedido) values (520, 10, 25, 4, 3, '2022-11-10');
insert into Pedidos (PedidoID, ClienteID, ProdutoID, VendedorID, Quantidade, DataPedido) values (521, 1, 37, 4, 4, '2023-08-12');
insert into Pedidos (PedidoID, ClienteID, ProdutoID, VendedorID, Quantidade, DataPedido) values (522, 5, 43, 5, 1, '2023-05-13');
insert into Pedidos (PedidoID, ClienteID, ProdutoID, VendedorID, Quantidade, DataPedido) values (523, 7, 9, 7, 5, '2024-01-20');
insert into Pedidos (PedidoID, ClienteID, ProdutoID, VendedorID, Quantidade, DataPedido) values (524, 6, 18, 5, 4, '2022-11-02');
insert into Pedidos (PedidoID, ClienteID, ProdutoID, VendedorID, Quantidade, DataPedido) values (525, 10, 47, 6, 2, '2022-09-29');
insert into Pedidos (PedidoID, ClienteID, ProdutoID, VendedorID, Quantidade, DataPedido) values (526, 10, 35, 5, 4, '2024-01-07');
insert into Pedidos (PedidoID, ClienteID, ProdutoID, VendedorID, Quantidade, DataPedido) values (527, 6, 8, 8, 4, '2023-08-21');
insert into Pedidos (PedidoID, ClienteID, ProdutoID, VendedorID, Quantidade, DataPedido) values (528, 8, 20, 5, 3, '2023-01-22');
insert into Pedidos (PedidoID, ClienteID, ProdutoID, VendedorID, Quantidade, DataPedido) values (529, 6, 38, 7, 5, '2022-12-08');
insert into Pedidos (PedidoID, ClienteID, ProdutoID, VendedorID, Quantidade, DataPedido) values (530, 9, 33, 8, 4, '2022-12-01');
insert into Pedidos (PedidoID, ClienteID, ProdutoID, VendedorID, Quantidade, DataPedido) values (531, 7, 9, 4, 5, '2023-01-28');
insert into Pedidos (PedidoID, ClienteID, ProdutoID, VendedorID, Quantidade, DataPedido) values (532, 10, 4, 7, 5, '2023-10-22');
insert into Pedidos (PedidoID, ClienteID, ProdutoID, VendedorID, Quantidade, DataPedido) values (533, 4, 44, 7, 4, '2023-01-02');
insert into Pedidos (PedidoID, ClienteID, ProdutoID, VendedorID, Quantidade, DataPedido) values (534, 6, 31, 7, 3, '2022-11-14');
insert into Pedidos (PedidoID, ClienteID, ProdutoID, VendedorID, Quantidade, DataPedido) values (535, 3, 30, 6, 5, '2024-04-14');
insert into Pedidos (PedidoID, ClienteID, ProdutoID, VendedorID, Quantidade, DataPedido) values (536, 9, 14, 4, 1, '2024-01-30');
insert into Pedidos (PedidoID, ClienteID, ProdutoID, VendedorID, Quantidade, DataPedido) values (537, 1, 32, 9, 1, '2023-09-13');
insert into Pedidos (PedidoID, ClienteID, ProdutoID, VendedorID, Quantidade, DataPedido) values (538, 6, 6, 9, 3, '2024-02-03');
insert into Pedidos (PedidoID, ClienteID, ProdutoID, VendedorID, Quantidade, DataPedido) values (539, 4, 10, 6, 2, '2023-02-16');
insert into Pedidos (PedidoID, ClienteID, ProdutoID, VendedorID, Quantidade, DataPedido) values (540, 10, 20, 5, 4, '2023-08-25');
insert into Pedidos (PedidoID, ClienteID, ProdutoID, VendedorID, Quantidade, DataPedido) values (541, 8, 5, 2, 4, '2023-05-23');
insert into Pedidos (PedidoID, ClienteID, ProdutoID, VendedorID, Quantidade, DataPedido) values (542, 4, 28, 5, 1, '2023-08-15');
insert into Pedidos (PedidoID, ClienteID, ProdutoID, VendedorID, Quantidade, DataPedido) values (543, 3, 26, 5, 2, '2024-02-27');
insert into Pedidos (PedidoID, ClienteID, ProdutoID, VendedorID, Quantidade, DataPedido) values (544, 8, 38, 3, 2, '2023-07-05');
insert into Pedidos (PedidoID, ClienteID, ProdutoID, VendedorID, Quantidade, DataPedido) values (545, 6, 1, 1, 4, '2022-08-31');
insert into Pedidos (PedidoID, ClienteID, ProdutoID, VendedorID, Quantidade, DataPedido) values (546, 5, 25, 9, 4, '2024-04-03');
insert into Pedidos (PedidoID, ClienteID, ProdutoID, VendedorID, Quantidade, DataPedido) values (547, 6, 12, 8, 3, '2023-07-01');
insert into Pedidos (PedidoID, ClienteID, ProdutoID, VendedorID, Quantidade, DataPedido) values (548, 2, 3, 7, 2, '2024-04-26');
insert into Pedidos (PedidoID, ClienteID, ProdutoID, VendedorID, Quantidade, DataPedido) values (549, 10, 12, 9, 3, '2022-06-01');
insert into Pedidos (PedidoID, ClienteID, ProdutoID, VendedorID, Quantidade, DataPedido) values (550, 3, 39, 3, 4, '2023-09-23');
insert into Pedidos (PedidoID, ClienteID, ProdutoID, VendedorID, Quantidade, DataPedido) values (551, 4, 27, 5, 1, '2023-04-03');
insert into Pedidos (PedidoID, ClienteID, ProdutoID, VendedorID, Quantidade, DataPedido) values (552, 6, 9, 2, 4, '2023-11-08');
insert into Pedidos (PedidoID, ClienteID, ProdutoID, VendedorID, Quantidade, DataPedido) values (553, 5, 8, 2, 4, '2023-11-22');
insert into Pedidos (PedidoID, ClienteID, ProdutoID, VendedorID, Quantidade, DataPedido) values (554, 6, 9, 4, 1, '2023-01-20');
insert into Pedidos (PedidoID, ClienteID, ProdutoID, VendedorID, Quantidade, DataPedido) values (555, 3, 17, 9, 5, '2022-09-25');
insert into Pedidos (PedidoID, ClienteID, ProdutoID, VendedorID, Quantidade, DataPedido) values (556, 2, 32, 1, 3, '2023-09-25');
insert into Pedidos (PedidoID, ClienteID, ProdutoID, VendedorID, Quantidade, DataPedido) values (557, 6, 21, 5, 2, '2023-04-28');
insert into Pedidos (PedidoID, ClienteID, ProdutoID, VendedorID, Quantidade, DataPedido) values (558, 5, 39, 6, 1, '2023-03-24');
insert into Pedidos (PedidoID, ClienteID, ProdutoID, VendedorID, Quantidade, DataPedido) values (559, 7, 20, 5, 5, '2023-05-26');
insert into Pedidos (PedidoID, ClienteID, ProdutoID, VendedorID, Quantidade, DataPedido) values (560, 4, 50, 1, 5, '2024-03-29');
insert into Pedidos (PedidoID, ClienteID, ProdutoID, VendedorID, Quantidade, DataPedido) values (561, 9, 44, 10, 5, '2023-02-08');
insert into Pedidos (PedidoID, ClienteID, ProdutoID, VendedorID, Quantidade, DataPedido) values (562, 9, 33, 7, 3, '2024-01-19');
insert into Pedidos (PedidoID, ClienteID, ProdutoID, VendedorID, Quantidade, DataPedido) values (563, 6, 35, 7, 1, '2023-09-13');
insert into Pedidos (PedidoID, ClienteID, ProdutoID, VendedorID, Quantidade, DataPedido) values (564, 3, 23, 9, 1, '2024-02-18');
insert into Pedidos (PedidoID, ClienteID, ProdutoID, VendedorID, Quantidade, DataPedido) values (565, 4, 13, 8, 3, '2023-09-02');
insert into Pedidos (PedidoID, ClienteID, ProdutoID, VendedorID, Quantidade, DataPedido) values (566, 2, 7, 10, 1, '2023-03-30');
insert into Pedidos (PedidoID, ClienteID, ProdutoID, VendedorID, Quantidade, DataPedido) values (567, 1, 2, 10, 5, '2023-12-08');
insert into Pedidos (PedidoID, ClienteID, ProdutoID, VendedorID, Quantidade, DataPedido) values (568, 2, 11, 7, 4, '2023-01-18');
insert into Pedidos (PedidoID, ClienteID, ProdutoID, VendedorID, Quantidade, DataPedido) values (569, 6, 4, 2, 2, '2022-05-17');
insert into Pedidos (PedidoID, ClienteID, ProdutoID, VendedorID, Quantidade, DataPedido) values (570, 1, 25, 9, 4, '2023-08-01');
insert into Pedidos (PedidoID, ClienteID, ProdutoID, VendedorID, Quantidade, DataPedido) values (571, 1, 19, 5, 3, '2023-10-25');
insert into Pedidos (PedidoID, ClienteID, ProdutoID, VendedorID, Quantidade, DataPedido) values (572, 1, 42, 10, 3, '2022-08-09');
insert into Pedidos (PedidoID, ClienteID, ProdutoID, VendedorID, Quantidade, DataPedido) values (573, 8, 41, 7, 2, '2022-09-03');
insert into Pedidos (PedidoID, ClienteID, ProdutoID, VendedorID, Quantidade, DataPedido) values (574, 4, 50, 7, 4, '2022-12-15');
insert into Pedidos (PedidoID, ClienteID, ProdutoID, VendedorID, Quantidade, DataPedido) values (575, 6, 8, 8, 4, '2022-05-31');
insert into Pedidos (PedidoID, ClienteID, ProdutoID, VendedorID, Quantidade, DataPedido) values (576, 10, 9, 8, 4, '2022-12-13');
insert into Pedidos (PedidoID, ClienteID, ProdutoID, VendedorID, Quantidade, DataPedido) values (577, 10, 47, 10, 5, '2022-06-23');
insert into Pedidos (PedidoID, ClienteID, ProdutoID, VendedorID, Quantidade, DataPedido) values (578, 10, 45, 7, 3, '2023-11-22');
insert into Pedidos (PedidoID, ClienteID, ProdutoID, VendedorID, Quantidade, DataPedido) values (579, 9, 12, 4, 2, '2022-11-24');
insert into Pedidos (PedidoID, ClienteID, ProdutoID, VendedorID, Quantidade, DataPedido) values (580, 7, 22, 8, 2, '2024-04-10');
insert into Pedidos (PedidoID, ClienteID, ProdutoID, VendedorID, Quantidade, DataPedido) values (581, 8, 37, 9, 2, '2024-01-06');
insert into Pedidos (PedidoID, ClienteID, ProdutoID, VendedorID, Quantidade, DataPedido) values (582, 5, 27, 10, 4, '2022-07-16');
insert into Pedidos (PedidoID, ClienteID, ProdutoID, VendedorID, Quantidade, DataPedido) values (583, 9, 37, 7, 3, '2022-10-23');
insert into Pedidos (PedidoID, ClienteID, ProdutoID, VendedorID, Quantidade, DataPedido) values (584, 9, 14, 3, 3, '2023-03-13');
insert into Pedidos (PedidoID, ClienteID, ProdutoID, VendedorID, Quantidade, DataPedido) values (585, 1, 22, 7, 3, '2023-11-08');
insert into Pedidos (PedidoID, ClienteID, ProdutoID, VendedorID, Quantidade, DataPedido) values (586, 6, 25, 9, 1, '2024-03-20');
insert into Pedidos (PedidoID, ClienteID, ProdutoID, VendedorID, Quantidade, DataPedido) values (587, 5, 43, 1, 3, '2022-04-26');
insert into Pedidos (PedidoID, ClienteID, ProdutoID, VendedorID, Quantidade, DataPedido) values (588, 8, 27, 2, 3, '2022-09-06');
insert into Pedidos (PedidoID, ClienteID, ProdutoID, VendedorID, Quantidade, DataPedido) values (589, 7, 38, 3, 2, '2023-05-03');
insert into Pedidos (PedidoID, ClienteID, ProdutoID, VendedorID, Quantidade, DataPedido) values (590, 7, 34, 6, 5, '2022-04-15');
insert into Pedidos (PedidoID, ClienteID, ProdutoID, VendedorID, Quantidade, DataPedido) values (591, 2, 23, 2, 5, '2023-03-17');
insert into Pedidos (PedidoID, ClienteID, ProdutoID, VendedorID, Quantidade, DataPedido) values (592, 4, 39, 1, 2, '2022-05-24');
insert into Pedidos (PedidoID, ClienteID, ProdutoID, VendedorID, Quantidade, DataPedido) values (593, 2, 39, 5, 5, '2022-04-17');
insert into Pedidos (PedidoID, ClienteID, ProdutoID, VendedorID, Quantidade, DataPedido) values (594, 1, 15, 8, 2, '2023-10-22');
insert into Pedidos (PedidoID, ClienteID, ProdutoID, VendedorID, Quantidade, DataPedido) values (595, 10, 8, 7, 4, '2023-10-19');
insert into Pedidos (PedidoID, ClienteID, ProdutoID, VendedorID, Quantidade, DataPedido) values (596, 2, 43, 2, 2, '2022-07-06');
insert into Pedidos (PedidoID, ClienteID, ProdutoID, VendedorID, Quantidade, DataPedido) values (597, 4, 45, 4, 3, '2022-04-14');
insert into Pedidos (PedidoID, ClienteID, ProdutoID, VendedorID, Quantidade, DataPedido) values (598, 7, 4, 1, 1, '2022-06-22');
insert into Pedidos (PedidoID, ClienteID, ProdutoID, VendedorID, Quantidade, DataPedido) values (599, 4, 36, 7, 3, '2022-11-22');
insert into Pedidos (PedidoID, ClienteID, ProdutoID, VendedorID, Quantidade, DataPedido) values (600, 6, 42, 3, 1, '2023-03-06');
insert into Pedidos (PedidoID, ClienteID, ProdutoID, VendedorID, Quantidade, DataPedido) values (601, 2, 13, 9, 5, '2022-06-11');
insert into Pedidos (PedidoID, ClienteID, ProdutoID, VendedorID, Quantidade, DataPedido) values (602, 4, 22, 5, 4, '2022-11-03');
insert into Pedidos (PedidoID, ClienteID, ProdutoID, VendedorID, Quantidade, DataPedido) values (603, 8, 1, 2, 5, '2022-12-24');
insert into Pedidos (PedidoID, ClienteID, ProdutoID, VendedorID, Quantidade, DataPedido) values (604, 8, 25, 7, 2, '2023-12-07');
insert into Pedidos (PedidoID, ClienteID, ProdutoID, VendedorID, Quantidade, DataPedido) values (605, 8, 15, 10, 5, '2022-07-30');
insert into Pedidos (PedidoID, ClienteID, ProdutoID, VendedorID, Quantidade, DataPedido) values (606, 2, 2, 2, 3, '2023-04-10');
insert into Pedidos (PedidoID, ClienteID, ProdutoID, VendedorID, Quantidade, DataPedido) values (607, 2, 3, 8, 1, '2023-07-21');
insert into Pedidos (PedidoID, ClienteID, ProdutoID, VendedorID, Quantidade, DataPedido) values (608, 6, 36, 6, 1, '2022-09-28');
insert into Pedidos (PedidoID, ClienteID, ProdutoID, VendedorID, Quantidade, DataPedido) values (609, 8, 3, 9, 1, '2023-07-21');
insert into Pedidos (PedidoID, ClienteID, ProdutoID, VendedorID, Quantidade, DataPedido) values (610, 9, 26, 2, 1, '2022-05-13');
insert into Pedidos (PedidoID, ClienteID, ProdutoID, VendedorID, Quantidade, DataPedido) values (611, 4, 23, 3, 1, '2022-11-02');
insert into Pedidos (PedidoID, ClienteID, ProdutoID, VendedorID, Quantidade, DataPedido) values (612, 2, 1, 7, 2, '2024-01-07');
insert into Pedidos (PedidoID, ClienteID, ProdutoID, VendedorID, Quantidade, DataPedido) values (613, 9, 4, 3, 3, '2022-12-07');
insert into Pedidos (PedidoID, ClienteID, ProdutoID, VendedorID, Quantidade, DataPedido) values (614, 6, 33, 2, 3, '2024-01-28');
insert into Pedidos (PedidoID, ClienteID, ProdutoID, VendedorID, Quantidade, DataPedido) values (615, 6, 22, 10, 3, '2023-07-06');
insert into Pedidos (PedidoID, ClienteID, ProdutoID, VendedorID, Quantidade, DataPedido) values (616, 8, 36, 4, 3, '2023-09-03');
insert into Pedidos (PedidoID, ClienteID, ProdutoID, VendedorID, Quantidade, DataPedido) values (617, 2, 28, 10, 4, '2023-02-04');
insert into Pedidos (PedidoID, ClienteID, ProdutoID, VendedorID, Quantidade, DataPedido) values (618, 5, 34, 5, 1, '2023-06-20');
insert into Pedidos (PedidoID, ClienteID, ProdutoID, VendedorID, Quantidade, DataPedido) values (619, 10, 19, 3, 5, '2023-01-11');
insert into Pedidos (PedidoID, ClienteID, ProdutoID, VendedorID, Quantidade, DataPedido) values (620, 8, 37, 9, 1, '2022-09-07');
insert into Pedidos (PedidoID, ClienteID, ProdutoID, VendedorID, Quantidade, DataPedido) values (621, 4, 4, 2, 5, '2023-09-06');
insert into Pedidos (PedidoID, ClienteID, ProdutoID, VendedorID, Quantidade, DataPedido) values (622, 2, 44, 10, 2, '2023-06-17');
insert into Pedidos (PedidoID, ClienteID, ProdutoID, VendedorID, Quantidade, DataPedido) values (623, 1, 29, 2, 2, '2023-03-17');
insert into Pedidos (PedidoID, ClienteID, ProdutoID, VendedorID, Quantidade, DataPedido) values (624, 10, 47, 6, 5, '2022-11-13');
insert into Pedidos (PedidoID, ClienteID, ProdutoID, VendedorID, Quantidade, DataPedido) values (625, 6, 17, 10, 3, '2022-11-21');
insert into Pedidos (PedidoID, ClienteID, ProdutoID, VendedorID, Quantidade, DataPedido) values (626, 3, 11, 1, 2, '2024-04-05');
insert into Pedidos (PedidoID, ClienteID, ProdutoID, VendedorID, Quantidade, DataPedido) values (627, 9, 23, 7, 2, '2024-01-20');
insert into Pedidos (PedidoID, ClienteID, ProdutoID, VendedorID, Quantidade, DataPedido) values (628, 3, 1, 2, 2, '2023-02-09');
insert into Pedidos (PedidoID, ClienteID, ProdutoID, VendedorID, Quantidade, DataPedido) values (629, 7, 14, 7, 1, '2022-04-18');
insert into Pedidos (PedidoID, ClienteID, ProdutoID, VendedorID, Quantidade, DataPedido) values (630, 1, 14, 6, 4, '2022-10-13');
insert into Pedidos (PedidoID, ClienteID, ProdutoID, VendedorID, Quantidade, DataPedido) values (631, 8, 19, 10, 2, '2023-11-09');
insert into Pedidos (PedidoID, ClienteID, ProdutoID, VendedorID, Quantidade, DataPedido) values (632, 9, 42, 8, 5, '2023-07-29');
insert into Pedidos (PedidoID, ClienteID, ProdutoID, VendedorID, Quantidade, DataPedido) values (633, 9, 34, 8, 4, '2023-03-26');
insert into Pedidos (PedidoID, ClienteID, ProdutoID, VendedorID, Quantidade, DataPedido) values (634, 1, 48, 6, 3, '2022-07-07');
insert into Pedidos (PedidoID, ClienteID, ProdutoID, VendedorID, Quantidade, DataPedido) values (635, 9, 5, 10, 5, '2023-05-25');
insert into Pedidos (PedidoID, ClienteID, ProdutoID, VendedorID, Quantidade, DataPedido) values (636, 3, 5, 5, 3, '2024-03-15');
insert into Pedidos (PedidoID, ClienteID, ProdutoID, VendedorID, Quantidade, DataPedido) values (637, 8, 30, 9, 1, '2022-06-01');
insert into Pedidos (PedidoID, ClienteID, ProdutoID, VendedorID, Quantidade, DataPedido) values (638, 4, 20, 2, 2, '2023-07-15');
insert into Pedidos (PedidoID, ClienteID, ProdutoID, VendedorID, Quantidade, DataPedido) values (639, 10, 28, 6, 1, '2023-04-05');
insert into Pedidos (PedidoID, ClienteID, ProdutoID, VendedorID, Quantidade, DataPedido) values (640, 1, 5, 2, 3, '2023-02-24');
insert into Pedidos (PedidoID, ClienteID, ProdutoID, VendedorID, Quantidade, DataPedido) values (641, 7, 37, 8, 4, '2023-12-17');
insert into Pedidos (PedidoID, ClienteID, ProdutoID, VendedorID, Quantidade, DataPedido) values (642, 9, 34, 1, 4, '2022-05-23');
insert into Pedidos (PedidoID, ClienteID, ProdutoID, VendedorID, Quantidade, DataPedido) values (643, 3, 33, 4, 4, '2023-08-02');
insert into Pedidos (PedidoID, ClienteID, ProdutoID, VendedorID, Quantidade, DataPedido) values (644, 8, 35, 9, 2, '2023-09-10');
insert into Pedidos (PedidoID, ClienteID, ProdutoID, VendedorID, Quantidade, DataPedido) values (645, 10, 46, 1, 2, '2022-06-25');
insert into Pedidos (PedidoID, ClienteID, ProdutoID, VendedorID, Quantidade, DataPedido) values (646, 7, 6, 4, 3, '2022-07-29');
insert into Pedidos (PedidoID, ClienteID, ProdutoID, VendedorID, Quantidade, DataPedido) values (647, 8, 3, 3, 2, '2022-11-19');
insert into Pedidos (PedidoID, ClienteID, ProdutoID, VendedorID, Quantidade, DataPedido) values (648, 2, 27, 7, 5, '2023-09-10');
insert into Pedidos (PedidoID, ClienteID, ProdutoID, VendedorID, Quantidade, DataPedido) values (649, 10, 45, 6, 2, '2022-12-03');
insert into Pedidos (PedidoID, ClienteID, ProdutoID, VendedorID, Quantidade, DataPedido) values (650, 2, 11, 3, 2, '2023-07-09');
insert into Pedidos (PedidoID, ClienteID, ProdutoID, VendedorID, Quantidade, DataPedido) values (651, 7, 29, 4, 4, '2023-08-13');
insert into Pedidos (PedidoID, ClienteID, ProdutoID, VendedorID, Quantidade, DataPedido) values (652, 9, 23, 10, 1, '2023-09-27');
insert into Pedidos (PedidoID, ClienteID, ProdutoID, VendedorID, Quantidade, DataPedido) values (653, 1, 14, 6, 4, '2022-05-08');
insert into Pedidos (PedidoID, ClienteID, ProdutoID, VendedorID, Quantidade, DataPedido) values (654, 8, 14, 1, 5, '2023-01-15');
insert into Pedidos (PedidoID, ClienteID, ProdutoID, VendedorID, Quantidade, DataPedido) values (655, 1, 6, 9, 3, '2023-01-03');
insert into Pedidos (PedidoID, ClienteID, ProdutoID, VendedorID, Quantidade, DataPedido) values (656, 8, 16, 5, 4, '2022-10-04');
insert into Pedidos (PedidoID, ClienteID, ProdutoID, VendedorID, Quantidade, DataPedido) values (657, 7, 49, 6, 5, '2024-04-08');
insert into Pedidos (PedidoID, ClienteID, ProdutoID, VendedorID, Quantidade, DataPedido) values (658, 3, 8, 3, 5, '2023-08-16');
insert into Pedidos (PedidoID, ClienteID, ProdutoID, VendedorID, Quantidade, DataPedido) values (659, 9, 32, 9, 3, '2022-08-11');
insert into Pedidos (PedidoID, ClienteID, ProdutoID, VendedorID, Quantidade, DataPedido) values (660, 7, 36, 8, 4, '2022-10-24');
insert into Pedidos (PedidoID, ClienteID, ProdutoID, VendedorID, Quantidade, DataPedido) values (661, 3, 7, 3, 3, '2023-04-18');
insert into Pedidos (PedidoID, ClienteID, ProdutoID, VendedorID, Quantidade, DataPedido) values (662, 4, 8, 6, 2, '2023-11-03');
insert into Pedidos (PedidoID, ClienteID, ProdutoID, VendedorID, Quantidade, DataPedido) values (663, 2, 21, 4, 4, '2024-04-13');
insert into Pedidos (PedidoID, ClienteID, ProdutoID, VendedorID, Quantidade, DataPedido) values (664, 7, 22, 3, 2, '2022-06-19');
insert into Pedidos (PedidoID, ClienteID, ProdutoID, VendedorID, Quantidade, DataPedido) values (665, 3, 27, 5, 5, '2023-06-03');
insert into Pedidos (PedidoID, ClienteID, ProdutoID, VendedorID, Quantidade, DataPedido) values (666, 3, 23, 1, 3, '2022-11-01');
insert into Pedidos (PedidoID, ClienteID, ProdutoID, VendedorID, Quantidade, DataPedido) values (667, 4, 40, 9, 5, '2024-02-03');
insert into Pedidos (PedidoID, ClienteID, ProdutoID, VendedorID, Quantidade, DataPedido) values (668, 7, 43, 9, 3, '2023-07-28');
insert into Pedidos (PedidoID, ClienteID, ProdutoID, VendedorID, Quantidade, DataPedido) values (669, 4, 35, 8, 5, '2022-09-06');
insert into Pedidos (PedidoID, ClienteID, ProdutoID, VendedorID, Quantidade, DataPedido) values (670, 10, 11, 1, 3, '2023-05-30');
insert into Pedidos (PedidoID, ClienteID, ProdutoID, VendedorID, Quantidade, DataPedido) values (671, 7, 23, 1, 2, '2024-02-25');
insert into Pedidos (PedidoID, ClienteID, ProdutoID, VendedorID, Quantidade, DataPedido) values (672, 3, 42, 6, 3, '2022-04-07');
insert into Pedidos (PedidoID, ClienteID, ProdutoID, VendedorID, Quantidade, DataPedido) values (673, 4, 16, 5, 1, '2023-05-06');
insert into Pedidos (PedidoID, ClienteID, ProdutoID, VendedorID, Quantidade, DataPedido) values (674, 4, 16, 5, 4, '2023-10-17');
insert into Pedidos (PedidoID, ClienteID, ProdutoID, VendedorID, Quantidade, DataPedido) values (675, 2, 48, 10, 2, '2023-03-02');
insert into Pedidos (PedidoID, ClienteID, ProdutoID, VendedorID, Quantidade, DataPedido) values (676, 7, 46, 10, 2, '2023-05-24');
insert into Pedidos (PedidoID, ClienteID, ProdutoID, VendedorID, Quantidade, DataPedido) values (677, 7, 24, 1, 2, '2023-08-01');
insert into Pedidos (PedidoID, ClienteID, ProdutoID, VendedorID, Quantidade, DataPedido) values (678, 8, 47, 1, 2, '2024-01-23');
insert into Pedidos (PedidoID, ClienteID, ProdutoID, VendedorID, Quantidade, DataPedido) values (679, 10, 1, 6, 5, '2022-10-02');
insert into Pedidos (PedidoID, ClienteID, ProdutoID, VendedorID, Quantidade, DataPedido) values (680, 7, 36, 6, 3, '2024-03-14');
insert into Pedidos (PedidoID, ClienteID, ProdutoID, VendedorID, Quantidade, DataPedido) values (681, 2, 37, 10, 1, '2022-10-11');
insert into Pedidos (PedidoID, ClienteID, ProdutoID, VendedorID, Quantidade, DataPedido) values (682, 7, 15, 2, 5, '2022-04-19');
insert into Pedidos (PedidoID, ClienteID, ProdutoID, VendedorID, Quantidade, DataPedido) values (683, 6, 9, 6, 4, '2023-12-14');
insert into Pedidos (PedidoID, ClienteID, ProdutoID, VendedorID, Quantidade, DataPedido) values (684, 2, 45, 4, 4, '2023-05-05');
insert into Pedidos (PedidoID, ClienteID, ProdutoID, VendedorID, Quantidade, DataPedido) values (685, 3, 48, 6, 5, '2023-10-03');
insert into Pedidos (PedidoID, ClienteID, ProdutoID, VendedorID, Quantidade, DataPedido) values (686, 2, 27, 5, 1, '2023-08-29');
insert into Pedidos (PedidoID, ClienteID, ProdutoID, VendedorID, Quantidade, DataPedido) values (687, 7, 15, 10, 1, '2024-04-02');
insert into Pedidos (PedidoID, ClienteID, ProdutoID, VendedorID, Quantidade, DataPedido) values (688, 9, 43, 3, 1, '2023-05-08');
insert into Pedidos (PedidoID, ClienteID, ProdutoID, VendedorID, Quantidade, DataPedido) values (689, 3, 15, 9, 1, '2023-04-08');
insert into Pedidos (PedidoID, ClienteID, ProdutoID, VendedorID, Quantidade, DataPedido) values (690, 4, 2, 7, 1, '2024-01-13');
insert into Pedidos (PedidoID, ClienteID, ProdutoID, VendedorID, Quantidade, DataPedido) values (691, 7, 1, 8, 5, '2023-02-02');
insert into Pedidos (PedidoID, ClienteID, ProdutoID, VendedorID, Quantidade, DataPedido) values (692, 9, 49, 6, 3, '2023-05-18');
insert into Pedidos (PedidoID, ClienteID, ProdutoID, VendedorID, Quantidade, DataPedido) values (693, 6, 12, 10, 4, '2023-09-23');
insert into Pedidos (PedidoID, ClienteID, ProdutoID, VendedorID, Quantidade, DataPedido) values (694, 7, 26, 4, 1, '2024-02-18');
insert into Pedidos (PedidoID, ClienteID, ProdutoID, VendedorID, Quantidade, DataPedido) values (695, 7, 44, 10, 5, '2022-05-11');
insert into Pedidos (PedidoID, ClienteID, ProdutoID, VendedorID, Quantidade, DataPedido) values (696, 9, 49, 7, 4, '2022-10-29');
insert into Pedidos (PedidoID, ClienteID, ProdutoID, VendedorID, Quantidade, DataPedido) values (697, 8, 10, 8, 5, '2022-09-14');
insert into Pedidos (PedidoID, ClienteID, ProdutoID, VendedorID, Quantidade, DataPedido) values (698, 6, 31, 5, 2, '2023-05-16');
insert into Pedidos (PedidoID, ClienteID, ProdutoID, VendedorID, Quantidade, DataPedido) values (699, 9, 10, 10, 5, '2022-09-28');
insert into Pedidos (PedidoID, ClienteID, ProdutoID, VendedorID, Quantidade, DataPedido) values (700, 6, 6, 4, 3, '2022-11-07');
insert into Pedidos (PedidoID, ClienteID, ProdutoID, VendedorID, Quantidade, DataPedido) values (701, 10, 31, 9, 4, '2023-10-08');
insert into Pedidos (PedidoID, ClienteID, ProdutoID, VendedorID, Quantidade, DataPedido) values (702, 9, 40, 9, 3, '2024-01-20');
insert into Pedidos (PedidoID, ClienteID, ProdutoID, VendedorID, Quantidade, DataPedido) values (703, 3, 15, 4, 1, '2023-05-18');
insert into Pedidos (PedidoID, ClienteID, ProdutoID, VendedorID, Quantidade, DataPedido) values (704, 3, 3, 4, 3, '2023-08-29');
insert into Pedidos (PedidoID, ClienteID, ProdutoID, VendedorID, Quantidade, DataPedido) values (705, 3, 26, 5, 1, '2023-01-13');
insert into Pedidos (PedidoID, ClienteID, ProdutoID, VendedorID, Quantidade, DataPedido) values (706, 5, 37, 2, 1, '2023-07-27');
insert into Pedidos (PedidoID, ClienteID, ProdutoID, VendedorID, Quantidade, DataPedido) values (707, 1, 4, 7, 4, '2022-11-14');
insert into Pedidos (PedidoID, ClienteID, ProdutoID, VendedorID, Quantidade, DataPedido) values (708, 5, 4, 2, 5, '2022-07-28');
insert into Pedidos (PedidoID, ClienteID, ProdutoID, VendedorID, Quantidade, DataPedido) values (709, 6, 46, 1, 5, '2024-03-03');
insert into Pedidos (PedidoID, ClienteID, ProdutoID, VendedorID, Quantidade, DataPedido) values (710, 1, 36, 9, 4, '2023-06-13');
insert into Pedidos (PedidoID, ClienteID, ProdutoID, VendedorID, Quantidade, DataPedido) values (711, 7, 29, 2, 3, '2024-02-27');
insert into Pedidos (PedidoID, ClienteID, ProdutoID, VendedorID, Quantidade, DataPedido) values (712, 9, 39, 9, 5, '2023-02-16');
insert into Pedidos (PedidoID, ClienteID, ProdutoID, VendedorID, Quantidade, DataPedido) values (713, 4, 18, 4, 4, '2023-06-08');
insert into Pedidos (PedidoID, ClienteID, ProdutoID, VendedorID, Quantidade, DataPedido) values (714, 3, 24, 4, 2, '2023-12-08');
insert into Pedidos (PedidoID, ClienteID, ProdutoID, VendedorID, Quantidade, DataPedido) values (715, 8, 27, 1, 1, '2023-06-30');
insert into Pedidos (PedidoID, ClienteID, ProdutoID, VendedorID, Quantidade, DataPedido) values (716, 4, 33, 10, 3, '2022-11-24');
insert into Pedidos (PedidoID, ClienteID, ProdutoID, VendedorID, Quantidade, DataPedido) values (717, 8, 31, 10, 3, '2024-02-13');
insert into Pedidos (PedidoID, ClienteID, ProdutoID, VendedorID, Quantidade, DataPedido) values (718, 4, 4, 6, 5, '2023-06-02');
insert into Pedidos (PedidoID, ClienteID, ProdutoID, VendedorID, Quantidade, DataPedido) values (719, 9, 1, 7, 4, '2023-05-04');
insert into Pedidos (PedidoID, ClienteID, ProdutoID, VendedorID, Quantidade, DataPedido) values (720, 6, 2, 10, 1, '2023-12-25');
insert into Pedidos (PedidoID, ClienteID, ProdutoID, VendedorID, Quantidade, DataPedido) values (721, 7, 3, 7, 1, '2023-01-08');
insert into Pedidos (PedidoID, ClienteID, ProdutoID, VendedorID, Quantidade, DataPedido) values (722, 6, 22, 1, 5, '2022-10-24');
insert into Pedidos (PedidoID, ClienteID, ProdutoID, VendedorID, Quantidade, DataPedido) values (723, 4, 32, 9, 2, '2022-07-04');
insert into Pedidos (PedidoID, ClienteID, ProdutoID, VendedorID, Quantidade, DataPedido) values (724, 8, 4, 8, 4, '2022-12-23');
insert into Pedidos (PedidoID, ClienteID, ProdutoID, VendedorID, Quantidade, DataPedido) values (725, 5, 11, 2, 3, '2023-03-16');
insert into Pedidos (PedidoID, ClienteID, ProdutoID, VendedorID, Quantidade, DataPedido) values (726, 6, 24, 8, 2, '2023-09-13');
insert into Pedidos (PedidoID, ClienteID, ProdutoID, VendedorID, Quantidade, DataPedido) values (727, 1, 45, 7, 1, '2023-07-23');
insert into Pedidos (PedidoID, ClienteID, ProdutoID, VendedorID, Quantidade, DataPedido) values (728, 7, 31, 3, 5, '2023-07-26');
insert into Pedidos (PedidoID, ClienteID, ProdutoID, VendedorID, Quantidade, DataPedido) values (729, 7, 37, 3, 3, '2023-12-20');
insert into Pedidos (PedidoID, ClienteID, ProdutoID, VendedorID, Quantidade, DataPedido) values (730, 2, 45, 4, 2, '2024-01-17');
insert into Pedidos (PedidoID, ClienteID, ProdutoID, VendedorID, Quantidade, DataPedido) values (731, 9, 44, 3, 5, '2024-03-31');
insert into Pedidos (PedidoID, ClienteID, ProdutoID, VendedorID, Quantidade, DataPedido) values (732, 2, 29, 1, 3, '2023-03-15');
insert into Pedidos (PedidoID, ClienteID, ProdutoID, VendedorID, Quantidade, DataPedido) values (733, 3, 8, 3, 2, '2022-05-06');
insert into Pedidos (PedidoID, ClienteID, ProdutoID, VendedorID, Quantidade, DataPedido) values (734, 4, 6, 6, 2, '2023-10-19');
insert into Pedidos (PedidoID, ClienteID, ProdutoID, VendedorID, Quantidade, DataPedido) values (735, 3, 12, 2, 1, '2024-02-15');
insert into Pedidos (PedidoID, ClienteID, ProdutoID, VendedorID, Quantidade, DataPedido) values (736, 7, 27, 5, 2, '2022-10-25');
insert into Pedidos (PedidoID, ClienteID, ProdutoID, VendedorID, Quantidade, DataPedido) values (737, 7, 30, 1, 1, '2022-11-09');
insert into Pedidos (PedidoID, ClienteID, ProdutoID, VendedorID, Quantidade, DataPedido) values (738, 4, 18, 7, 2, '2024-01-25');
insert into Pedidos (PedidoID, ClienteID, ProdutoID, VendedorID, Quantidade, DataPedido) values (739, 2, 50, 10, 5, '2022-07-12');
insert into Pedidos (PedidoID, ClienteID, ProdutoID, VendedorID, Quantidade, DataPedido) values (740, 6, 30, 10, 5, '2022-12-06');
insert into Pedidos (PedidoID, ClienteID, ProdutoID, VendedorID, Quantidade, DataPedido) values (741, 10, 20, 5, 1, '2024-03-26');
insert into Pedidos (PedidoID, ClienteID, ProdutoID, VendedorID, Quantidade, DataPedido) values (742, 4, 31, 8, 3, '2022-05-25');
insert into Pedidos (PedidoID, ClienteID, ProdutoID, VendedorID, Quantidade, DataPedido) values (743, 6, 8, 8, 3, '2022-11-28');
insert into Pedidos (PedidoID, ClienteID, ProdutoID, VendedorID, Quantidade, DataPedido) values (744, 5, 8, 7, 2, '2023-04-29');
insert into Pedidos (PedidoID, ClienteID, ProdutoID, VendedorID, Quantidade, DataPedido) values (745, 2, 31, 10, 2, '2023-06-21');
insert into Pedidos (PedidoID, ClienteID, ProdutoID, VendedorID, Quantidade, DataPedido) values (746, 6, 37, 8, 3, '2022-06-27');
insert into Pedidos (PedidoID, ClienteID, ProdutoID, VendedorID, Quantidade, DataPedido) values (747, 8, 29, 3, 1, '2023-07-25');
insert into Pedidos (PedidoID, ClienteID, ProdutoID, VendedorID, Quantidade, DataPedido) values (748, 2, 16, 9, 1, '2023-11-24');
insert into Pedidos (PedidoID, ClienteID, ProdutoID, VendedorID, Quantidade, DataPedido) values (749, 7, 19, 2, 3, '2022-05-22');
insert into Pedidos (PedidoID, ClienteID, ProdutoID, VendedorID, Quantidade, DataPedido) values (750, 1, 13, 5, 3, '2023-05-12');
insert into Pedidos (PedidoID, ClienteID, ProdutoID, VendedorID, Quantidade, DataPedido) values (751, 2, 24, 3, 1, '2023-01-11');
insert into Pedidos (PedidoID, ClienteID, ProdutoID, VendedorID, Quantidade, DataPedido) values (752, 10, 21, 4, 4, '2022-10-10');
insert into Pedidos (PedidoID, ClienteID, ProdutoID, VendedorID, Quantidade, DataPedido) values (753, 9, 31, 9, 3, '2024-01-04');
insert into Pedidos (PedidoID, ClienteID, ProdutoID, VendedorID, Quantidade, DataPedido) values (754, 9, 11, 3, 3, '2023-04-25');
insert into Pedidos (PedidoID, ClienteID, ProdutoID, VendedorID, Quantidade, DataPedido) values (755, 6, 24, 2, 1, '2022-10-09');
insert into Pedidos (PedidoID, ClienteID, ProdutoID, VendedorID, Quantidade, DataPedido) values (756, 3, 32, 4, 2, '2024-02-04');
insert into Pedidos (PedidoID, ClienteID, ProdutoID, VendedorID, Quantidade, DataPedido) values (757, 8, 1, 3, 2, '2024-04-15');
insert into Pedidos (PedidoID, ClienteID, ProdutoID, VendedorID, Quantidade, DataPedido) values (758, 4, 20, 2, 5, '2022-11-02');
insert into Pedidos (PedidoID, ClienteID, ProdutoID, VendedorID, Quantidade, DataPedido) values (759, 2, 36, 10, 2, '2022-11-17');
insert into Pedidos (PedidoID, ClienteID, ProdutoID, VendedorID, Quantidade, DataPedido) values (760, 10, 8, 8, 4, '2024-01-26');
insert into Pedidos (PedidoID, ClienteID, ProdutoID, VendedorID, Quantidade, DataPedido) values (761, 5, 1, 10, 3, '2023-01-12');
insert into Pedidos (PedidoID, ClienteID, ProdutoID, VendedorID, Quantidade, DataPedido) values (762, 4, 14, 1, 3, '2022-06-22');
insert into Pedidos (PedidoID, ClienteID, ProdutoID, VendedorID, Quantidade, DataPedido) values (763, 2, 18, 10, 5, '2022-08-25');
insert into Pedidos (PedidoID, ClienteID, ProdutoID, VendedorID, Quantidade, DataPedido) values (764, 10, 12, 8, 2, '2022-12-27');
insert into Pedidos (PedidoID, ClienteID, ProdutoID, VendedorID, Quantidade, DataPedido) values (765, 10, 24, 9, 3, '2022-08-04');
insert into Pedidos (PedidoID, ClienteID, ProdutoID, VendedorID, Quantidade, DataPedido) values (766, 2, 36, 9, 4, '2024-02-10');
insert into Pedidos (PedidoID, ClienteID, ProdutoID, VendedorID, Quantidade, DataPedido) values (767, 7, 28, 10, 2, '2022-10-01');
insert into Pedidos (PedidoID, ClienteID, ProdutoID, VendedorID, Quantidade, DataPedido) values (768, 7, 48, 6, 1, '2023-10-26');
insert into Pedidos (PedidoID, ClienteID, ProdutoID, VendedorID, Quantidade, DataPedido) values (769, 10, 4, 1, 5, '2023-08-09');
insert into Pedidos (PedidoID, ClienteID, ProdutoID, VendedorID, Quantidade, DataPedido) values (770, 7, 16, 10, 1, '2024-04-01');
insert into Pedidos (PedidoID, ClienteID, ProdutoID, VendedorID, Quantidade, DataPedido) values (771, 6, 19, 3, 4, '2024-03-29');
insert into Pedidos (PedidoID, ClienteID, ProdutoID, VendedorID, Quantidade, DataPedido) values (772, 4, 33, 6, 5, '2023-04-17');
insert into Pedidos (PedidoID, ClienteID, ProdutoID, VendedorID, Quantidade, DataPedido) values (773, 10, 13, 4, 2, '2022-07-27');
insert into Pedidos (PedidoID, ClienteID, ProdutoID, VendedorID, Quantidade, DataPedido) values (774, 8, 40, 5, 2, '2023-12-19');
insert into Pedidos (PedidoID, ClienteID, ProdutoID, VendedorID, Quantidade, DataPedido) values (775, 10, 15, 7, 5, '2022-09-20');
insert into Pedidos (PedidoID, ClienteID, ProdutoID, VendedorID, Quantidade, DataPedido) values (776, 3, 22, 6, 5, '2023-01-24');
insert into Pedidos (PedidoID, ClienteID, ProdutoID, VendedorID, Quantidade, DataPedido) values (777, 9, 33, 8, 2, '2024-01-22');
insert into Pedidos (PedidoID, ClienteID, ProdutoID, VendedorID, Quantidade, DataPedido) values (778, 4, 18, 2, 5, '2022-12-17');
insert into Pedidos (PedidoID, ClienteID, ProdutoID, VendedorID, Quantidade, DataPedido) values (779, 4, 1, 3, 5, '2023-06-27');
insert into Pedidos (PedidoID, ClienteID, ProdutoID, VendedorID, Quantidade, DataPedido) values (780, 2, 15, 7, 4, '2022-09-06');
insert into Pedidos (PedidoID, ClienteID, ProdutoID, VendedorID, Quantidade, DataPedido) values (781, 2, 1, 4, 4, '2023-04-02');
insert into Pedidos (PedidoID, ClienteID, ProdutoID, VendedorID, Quantidade, DataPedido) values (782, 8, 21, 8, 1, '2022-12-18');
insert into Pedidos (PedidoID, ClienteID, ProdutoID, VendedorID, Quantidade, DataPedido) values (783, 7, 16, 9, 3, '2023-03-30');
insert into Pedidos (PedidoID, ClienteID, ProdutoID, VendedorID, Quantidade, DataPedido) values (784, 3, 36, 6, 3, '2023-07-28');
insert into Pedidos (PedidoID, ClienteID, ProdutoID, VendedorID, Quantidade, DataPedido) values (785, 8, 49, 3, 4, '2024-01-28');
insert into Pedidos (PedidoID, ClienteID, ProdutoID, VendedorID, Quantidade, DataPedido) values (786, 4, 10, 3, 4, '2024-03-31');
insert into Pedidos (PedidoID, ClienteID, ProdutoID, VendedorID, Quantidade, DataPedido) values (787, 9, 30, 4, 1, '2023-02-24');
insert into Pedidos (PedidoID, ClienteID, ProdutoID, VendedorID, Quantidade, DataPedido) values (788, 4, 28, 3, 5, '2022-06-30');
insert into Pedidos (PedidoID, ClienteID, ProdutoID, VendedorID, Quantidade, DataPedido) values (789, 1, 48, 10, 4, '2023-02-06');
insert into Pedidos (PedidoID, ClienteID, ProdutoID, VendedorID, Quantidade, DataPedido) values (790, 6, 22, 6, 2, '2023-02-07');
insert into Pedidos (PedidoID, ClienteID, ProdutoID, VendedorID, Quantidade, DataPedido) values (791, 3, 50, 5, 3, '2023-01-27');
insert into Pedidos (PedidoID, ClienteID, ProdutoID, VendedorID, Quantidade, DataPedido) values (792, 4, 12, 6, 2, '2022-04-15');
insert into Pedidos (PedidoID, ClienteID, ProdutoID, VendedorID, Quantidade, DataPedido) values (793, 4, 41, 8, 5, '2023-10-11');
insert into Pedidos (PedidoID, ClienteID, ProdutoID, VendedorID, Quantidade, DataPedido) values (794, 2, 41, 9, 2, '2023-07-21');
insert into Pedidos (PedidoID, ClienteID, ProdutoID, VendedorID, Quantidade, DataPedido) values (795, 3, 30, 8, 4, '2022-08-13');
insert into Pedidos (PedidoID, ClienteID, ProdutoID, VendedorID, Quantidade, DataPedido) values (796, 4, 32, 8, 2, '2023-03-24');
insert into Pedidos (PedidoID, ClienteID, ProdutoID, VendedorID, Quantidade, DataPedido) values (797, 6, 48, 10, 4, '2022-09-28');
insert into Pedidos (PedidoID, ClienteID, ProdutoID, VendedorID, Quantidade, DataPedido) values (798, 10, 4, 10, 4, '2022-05-26');
insert into Pedidos (PedidoID, ClienteID, ProdutoID, VendedorID, Quantidade, DataPedido) values (799, 7, 48, 3, 1, '2023-10-04');
insert into Pedidos (PedidoID, ClienteID, ProdutoID, VendedorID, Quantidade, DataPedido) values (800, 8, 2, 10, 5, '2024-04-13');
insert into Pedidos (PedidoID, ClienteID, ProdutoID, VendedorID, Quantidade, DataPedido) values (801, 9, 10, 9, 1, '2022-05-23');
insert into Pedidos (PedidoID, ClienteID, ProdutoID, VendedorID, Quantidade, DataPedido) values (802, 1, 15, 3, 2, '2022-04-17');
insert into Pedidos (PedidoID, ClienteID, ProdutoID, VendedorID, Quantidade, DataPedido) values (803, 10, 41, 4, 4, '2022-11-24');
insert into Pedidos (PedidoID, ClienteID, ProdutoID, VendedorID, Quantidade, DataPedido) values (804, 3, 28, 8, 4, '2022-11-25');
insert into Pedidos (PedidoID, ClienteID, ProdutoID, VendedorID, Quantidade, DataPedido) values (805, 4, 18, 7, 2, '2024-02-26');
insert into Pedidos (PedidoID, ClienteID, ProdutoID, VendedorID, Quantidade, DataPedido) values (806, 6, 9, 1, 3, '2022-12-04');
insert into Pedidos (PedidoID, ClienteID, ProdutoID, VendedorID, Quantidade, DataPedido) values (807, 9, 39, 4, 1, '2023-10-30');
insert into Pedidos (PedidoID, ClienteID, ProdutoID, VendedorID, Quantidade, DataPedido) values (808, 6, 47, 1, 1, '2023-03-02');
insert into Pedidos (PedidoID, ClienteID, ProdutoID, VendedorID, Quantidade, DataPedido) values (809, 8, 1, 9, 1, '2023-02-18');
insert into Pedidos (PedidoID, ClienteID, ProdutoID, VendedorID, Quantidade, DataPedido) values (810, 5, 12, 1, 5, '2022-12-18');
insert into Pedidos (PedidoID, ClienteID, ProdutoID, VendedorID, Quantidade, DataPedido) values (811, 2, 31, 10, 5, '2023-01-02');
insert into Pedidos (PedidoID, ClienteID, ProdutoID, VendedorID, Quantidade, DataPedido) values (812, 10, 32, 10, 2, '2023-02-11');
insert into Pedidos (PedidoID, ClienteID, ProdutoID, VendedorID, Quantidade, DataPedido) values (813, 10, 48, 2, 1, '2023-08-12');
insert into Pedidos (PedidoID, ClienteID, ProdutoID, VendedorID, Quantidade, DataPedido) values (814, 10, 13, 10, 1, '2022-06-18');
insert into Pedidos (PedidoID, ClienteID, ProdutoID, VendedorID, Quantidade, DataPedido) values (815, 7, 33, 1, 5, '2022-10-30');
insert into Pedidos (PedidoID, ClienteID, ProdutoID, VendedorID, Quantidade, DataPedido) values (816, 8, 44, 6, 1, '2023-01-14');
insert into Pedidos (PedidoID, ClienteID, ProdutoID, VendedorID, Quantidade, DataPedido) values (817, 1, 3, 7, 2, '2023-09-30');
insert into Pedidos (PedidoID, ClienteID, ProdutoID, VendedorID, Quantidade, DataPedido) values (818, 5, 9, 9, 4, '2024-04-23');
insert into Pedidos (PedidoID, ClienteID, ProdutoID, VendedorID, Quantidade, DataPedido) values (819, 6, 2, 5, 1, '2023-01-31');
insert into Pedidos (PedidoID, ClienteID, ProdutoID, VendedorID, Quantidade, DataPedido) values (820, 4, 33, 5, 2, '2023-11-30');
insert into Pedidos (PedidoID, ClienteID, ProdutoID, VendedorID, Quantidade, DataPedido) values (821, 6, 6, 5, 1, '2023-11-27');
insert into Pedidos (PedidoID, ClienteID, ProdutoID, VendedorID, Quantidade, DataPedido) values (822, 1, 42, 1, 2, '2023-09-15');
insert into Pedidos (PedidoID, ClienteID, ProdutoID, VendedorID, Quantidade, DataPedido) values (823, 9, 22, 3, 2, '2022-04-21');
insert into Pedidos (PedidoID, ClienteID, ProdutoID, VendedorID, Quantidade, DataPedido) values (824, 7, 6, 4, 3, '2022-07-18');
insert into Pedidos (PedidoID, ClienteID, ProdutoID, VendedorID, Quantidade, DataPedido) values (825, 6, 49, 8, 4, '2024-03-24');
insert into Pedidos (PedidoID, ClienteID, ProdutoID, VendedorID, Quantidade, DataPedido) values (826, 8, 38, 4, 4, '2024-03-03');
insert into Pedidos (PedidoID, ClienteID, ProdutoID, VendedorID, Quantidade, DataPedido) values (827, 2, 5, 8, 5, '2023-02-24');
insert into Pedidos (PedidoID, ClienteID, ProdutoID, VendedorID, Quantidade, DataPedido) values (828, 9, 10, 6, 5, '2024-03-17');
insert into Pedidos (PedidoID, ClienteID, ProdutoID, VendedorID, Quantidade, DataPedido) values (829, 10, 48, 8, 4, '2023-02-10');
insert into Pedidos (PedidoID, ClienteID, ProdutoID, VendedorID, Quantidade, DataPedido) values (830, 1, 6, 1, 5, '2023-03-21');
insert into Pedidos (PedidoID, ClienteID, ProdutoID, VendedorID, Quantidade, DataPedido) values (831, 7, 20, 3, 1, '2024-02-27');
insert into Pedidos (PedidoID, ClienteID, ProdutoID, VendedorID, Quantidade, DataPedido) values (832, 4, 27, 6, 4, '2023-02-02');
insert into Pedidos (PedidoID, ClienteID, ProdutoID, VendedorID, Quantidade, DataPedido) values (833, 7, 21, 3, 1, '2022-05-22');
insert into Pedidos (PedidoID, ClienteID, ProdutoID, VendedorID, Quantidade, DataPedido) values (834, 1, 49, 10, 4, '2022-05-27');
insert into Pedidos (PedidoID, ClienteID, ProdutoID, VendedorID, Quantidade, DataPedido) values (835, 10, 26, 4, 1, '2022-06-28');
insert into Pedidos (PedidoID, ClienteID, ProdutoID, VendedorID, Quantidade, DataPedido) values (836, 8, 40, 9, 1, '2022-11-19');
insert into Pedidos (PedidoID, ClienteID, ProdutoID, VendedorID, Quantidade, DataPedido) values (837, 5, 21, 1, 4, '2022-08-22');
insert into Pedidos (PedidoID, ClienteID, ProdutoID, VendedorID, Quantidade, DataPedido) values (838, 1, 34, 7, 3, '2023-06-16');
insert into Pedidos (PedidoID, ClienteID, ProdutoID, VendedorID, Quantidade, DataPedido) values (839, 10, 31, 2, 2, '2024-03-30');
insert into Pedidos (PedidoID, ClienteID, ProdutoID, VendedorID, Quantidade, DataPedido) values (840, 6, 40, 1, 3, '2023-05-23');
insert into Pedidos (PedidoID, ClienteID, ProdutoID, VendedorID, Quantidade, DataPedido) values (841, 4, 1, 4, 4, '2022-06-10');
insert into Pedidos (PedidoID, ClienteID, ProdutoID, VendedorID, Quantidade, DataPedido) values (842, 2, 47, 10, 5, '2023-08-19');
insert into Pedidos (PedidoID, ClienteID, ProdutoID, VendedorID, Quantidade, DataPedido) values (843, 5, 16, 9, 5, '2023-11-07');
insert into Pedidos (PedidoID, ClienteID, ProdutoID, VendedorID, Quantidade, DataPedido) values (844, 5, 36, 6, 1, '2024-03-04');
insert into Pedidos (PedidoID, ClienteID, ProdutoID, VendedorID, Quantidade, DataPedido) values (845, 5, 44, 6, 5, '2023-07-29');
insert into Pedidos (PedidoID, ClienteID, ProdutoID, VendedorID, Quantidade, DataPedido) values (846, 4, 22, 10, 1, '2022-05-26');
insert into Pedidos (PedidoID, ClienteID, ProdutoID, VendedorID, Quantidade, DataPedido) values (847, 10, 33, 10, 3, '2023-11-10');
insert into Pedidos (PedidoID, ClienteID, ProdutoID, VendedorID, Quantidade, DataPedido) values (848, 9, 42, 6, 2, '2022-07-19');
insert into Pedidos (PedidoID, ClienteID, ProdutoID, VendedorID, Quantidade, DataPedido) values (849, 8, 3, 9, 5, '2023-02-15');
insert into Pedidos (PedidoID, ClienteID, ProdutoID, VendedorID, Quantidade, DataPedido) values (850, 2, 13, 8, 2, '2024-02-03');
insert into Pedidos (PedidoID, ClienteID, ProdutoID, VendedorID, Quantidade, DataPedido) values (851, 7, 49, 7, 1, '2023-02-22');
insert into Pedidos (PedidoID, ClienteID, ProdutoID, VendedorID, Quantidade, DataPedido) values (852, 3, 3, 3, 2, '2023-08-25');
insert into Pedidos (PedidoID, ClienteID, ProdutoID, VendedorID, Quantidade, DataPedido) values (853, 4, 8, 10, 5, '2023-02-05');
insert into Pedidos (PedidoID, ClienteID, ProdutoID, VendedorID, Quantidade, DataPedido) values (854, 9, 10, 4, 2, '2023-11-09');
insert into Pedidos (PedidoID, ClienteID, ProdutoID, VendedorID, Quantidade, DataPedido) values (855, 2, 4, 9, 2, '2022-08-13');
insert into Pedidos (PedidoID, ClienteID, ProdutoID, VendedorID, Quantidade, DataPedido) values (856, 3, 34, 2, 2, '2022-06-20');
insert into Pedidos (PedidoID, ClienteID, ProdutoID, VendedorID, Quantidade, DataPedido) values (857, 6, 48, 3, 3, '2024-04-28');
insert into Pedidos (PedidoID, ClienteID, ProdutoID, VendedorID, Quantidade, DataPedido) values (858, 2, 22, 5, 4, '2023-08-02');
insert into Pedidos (PedidoID, ClienteID, ProdutoID, VendedorID, Quantidade, DataPedido) values (859, 10, 16, 10, 5, '2023-03-08');
insert into Pedidos (PedidoID, ClienteID, ProdutoID, VendedorID, Quantidade, DataPedido) values (860, 8, 50, 3, 1, '2023-07-03');
insert into Pedidos (PedidoID, ClienteID, ProdutoID, VendedorID, Quantidade, DataPedido) values (861, 5, 44, 1, 2, '2024-04-01');
insert into Pedidos (PedidoID, ClienteID, ProdutoID, VendedorID, Quantidade, DataPedido) values (862, 4, 32, 7, 1, '2022-07-26');
insert into Pedidos (PedidoID, ClienteID, ProdutoID, VendedorID, Quantidade, DataPedido) values (863, 8, 9, 10, 2, '2023-01-13');
insert into Pedidos (PedidoID, ClienteID, ProdutoID, VendedorID, Quantidade, DataPedido) values (864, 7, 16, 3, 1, '2022-06-05');
insert into Pedidos (PedidoID, ClienteID, ProdutoID, VendedorID, Quantidade, DataPedido) values (865, 10, 23, 10, 2, '2022-12-07');
insert into Pedidos (PedidoID, ClienteID, ProdutoID, VendedorID, Quantidade, DataPedido) values (866, 6, 43, 8, 5, '2023-04-12');
insert into Pedidos (PedidoID, ClienteID, ProdutoID, VendedorID, Quantidade, DataPedido) values (867, 5, 3, 1, 4, '2023-01-26');
insert into Pedidos (PedidoID, ClienteID, ProdutoID, VendedorID, Quantidade, DataPedido) values (868, 3, 28, 10, 2, '2022-05-17');
insert into Pedidos (PedidoID, ClienteID, ProdutoID, VendedorID, Quantidade, DataPedido) values (869, 2, 36, 10, 2, '2023-09-18');
insert into Pedidos (PedidoID, ClienteID, ProdutoID, VendedorID, Quantidade, DataPedido) values (870, 6, 46, 6, 4, '2023-09-19');
insert into Pedidos (PedidoID, ClienteID, ProdutoID, VendedorID, Quantidade, DataPedido) values (871, 8, 19, 9, 4, '2024-02-28');
insert into Pedidos (PedidoID, ClienteID, ProdutoID, VendedorID, Quantidade, DataPedido) values (872, 1, 38, 8, 5, '2023-07-28');
insert into Pedidos (PedidoID, ClienteID, ProdutoID, VendedorID, Quantidade, DataPedido) values (873, 1, 3, 2, 1, '2022-10-17');
insert into Pedidos (PedidoID, ClienteID, ProdutoID, VendedorID, Quantidade, DataPedido) values (874, 8, 45, 10, 1, '2023-10-12');
insert into Pedidos (PedidoID, ClienteID, ProdutoID, VendedorID, Quantidade, DataPedido) values (875, 3, 8, 4, 5, '2022-06-28');
insert into Pedidos (PedidoID, ClienteID, ProdutoID, VendedorID, Quantidade, DataPedido) values (876, 5, 33, 2, 1, '2022-11-20');
insert into Pedidos (PedidoID, ClienteID, ProdutoID, VendedorID, Quantidade, DataPedido) values (877, 8, 21, 6, 1, '2023-11-18');
insert into Pedidos (PedidoID, ClienteID, ProdutoID, VendedorID, Quantidade, DataPedido) values (878, 5, 28, 2, 4, '2022-09-05');
insert into Pedidos (PedidoID, ClienteID, ProdutoID, VendedorID, Quantidade, DataPedido) values (879, 10, 30, 10, 4, '2023-07-06');
insert into Pedidos (PedidoID, ClienteID, ProdutoID, VendedorID, Quantidade, DataPedido) values (880, 6, 20, 8, 2, '2023-09-26');
insert into Pedidos (PedidoID, ClienteID, ProdutoID, VendedorID, Quantidade, DataPedido) values (881, 7, 34, 6, 4, '2023-04-22');
insert into Pedidos (PedidoID, ClienteID, ProdutoID, VendedorID, Quantidade, DataPedido) values (882, 4, 49, 2, 2, '2022-09-12');
insert into Pedidos (PedidoID, ClienteID, ProdutoID, VendedorID, Quantidade, DataPedido) values (883, 4, 45, 7, 1, '2023-11-17');
insert into Pedidos (PedidoID, ClienteID, ProdutoID, VendedorID, Quantidade, DataPedido) values (884, 8, 29, 8, 3, '2023-07-18');
insert into Pedidos (PedidoID, ClienteID, ProdutoID, VendedorID, Quantidade, DataPedido) values (885, 3, 1, 10, 2, '2023-05-13');
insert into Pedidos (PedidoID, ClienteID, ProdutoID, VendedorID, Quantidade, DataPedido) values (886, 7, 30, 4, 3, '2024-01-23');
insert into Pedidos (PedidoID, ClienteID, ProdutoID, VendedorID, Quantidade, DataPedido) values (887, 7, 48, 8, 3, '2023-12-08');
insert into Pedidos (PedidoID, ClienteID, ProdutoID, VendedorID, Quantidade, DataPedido) values (888, 9, 1, 5, 3, '2022-04-10');
insert into Pedidos (PedidoID, ClienteID, ProdutoID, VendedorID, Quantidade, DataPedido) values (889, 7, 12, 9, 1, '2022-07-19');
insert into Pedidos (PedidoID, ClienteID, ProdutoID, VendedorID, Quantidade, DataPedido) values (890, 2, 44, 6, 3, '2022-06-05');
insert into Pedidos (PedidoID, ClienteID, ProdutoID, VendedorID, Quantidade, DataPedido) values (891, 3, 42, 6, 2, '2023-05-27');
insert into Pedidos (PedidoID, ClienteID, ProdutoID, VendedorID, Quantidade, DataPedido) values (892, 5, 6, 6, 4, '2022-10-17');
insert into Pedidos (PedidoID, ClienteID, ProdutoID, VendedorID, Quantidade, DataPedido) values (893, 10, 49, 8, 4, '2023-08-23');
insert into Pedidos (PedidoID, ClienteID, ProdutoID, VendedorID, Quantidade, DataPedido) values (894, 6, 47, 10, 4, '2023-04-05');
insert into Pedidos (PedidoID, ClienteID, ProdutoID, VendedorID, Quantidade, DataPedido) values (895, 7, 19, 7, 4, '2023-06-24');
insert into Pedidos (PedidoID, ClienteID, ProdutoID, VendedorID, Quantidade, DataPedido) values (896, 9, 16, 10, 1, '2024-03-30');
insert into Pedidos (PedidoID, ClienteID, ProdutoID, VendedorID, Quantidade, DataPedido) values (897, 2, 22, 3, 1, '2024-03-06');
insert into Pedidos (PedidoID, ClienteID, ProdutoID, VendedorID, Quantidade, DataPedido) values (898, 3, 43, 1, 4, '2023-03-11');
insert into Pedidos (PedidoID, ClienteID, ProdutoID, VendedorID, Quantidade, DataPedido) values (899, 4, 39, 7, 4, '2023-12-16');
insert into Pedidos (PedidoID, ClienteID, ProdutoID, VendedorID, Quantidade, DataPedido) values (900, 2, 41, 5, 2, '2022-08-13');
insert into Pedidos (PedidoID, ClienteID, ProdutoID, VendedorID, Quantidade, DataPedido) values (901, 4, 3, 4, 4, '2024-04-20');
insert into Pedidos (PedidoID, ClienteID, ProdutoID, VendedorID, Quantidade, DataPedido) values (902, 8, 39, 8, 4, '2024-01-25');
insert into Pedidos (PedidoID, ClienteID, ProdutoID, VendedorID, Quantidade, DataPedido) values (903, 1, 46, 7, 3, '2023-12-14');
insert into Pedidos (PedidoID, ClienteID, ProdutoID, VendedorID, Quantidade, DataPedido) values (904, 8, 39, 4, 4, '2023-06-15');
insert into Pedidos (PedidoID, ClienteID, ProdutoID, VendedorID, Quantidade, DataPedido) values (905, 6, 31, 3, 1, '2023-01-28');
insert into Pedidos (PedidoID, ClienteID, ProdutoID, VendedorID, Quantidade, DataPedido) values (906, 7, 14, 10, 1, '2022-04-19');
insert into Pedidos (PedidoID, ClienteID, ProdutoID, VendedorID, Quantidade, DataPedido) values (907, 8, 28, 7, 5, '2023-11-24');
insert into Pedidos (PedidoID, ClienteID, ProdutoID, VendedorID, Quantidade, DataPedido) values (908, 9, 29, 1, 1, '2022-12-02');
insert into Pedidos (PedidoID, ClienteID, ProdutoID, VendedorID, Quantidade, DataPedido) values (909, 9, 19, 8, 3, '2022-07-26');
insert into Pedidos (PedidoID, ClienteID, ProdutoID, VendedorID, Quantidade, DataPedido) values (910, 1, 14, 1, 5, '2024-04-07');
insert into Pedidos (PedidoID, ClienteID, ProdutoID, VendedorID, Quantidade, DataPedido) values (911, 8, 47, 10, 4, '2022-11-21');
insert into Pedidos (PedidoID, ClienteID, ProdutoID, VendedorID, Quantidade, DataPedido) values (912, 6, 14, 5, 5, '2022-12-22');
insert into Pedidos (PedidoID, ClienteID, ProdutoID, VendedorID, Quantidade, DataPedido) values (913, 9, 12, 9, 2, '2024-04-21');
insert into Pedidos (PedidoID, ClienteID, ProdutoID, VendedorID, Quantidade, DataPedido) values (914, 7, 15, 4, 2, '2023-06-21');
insert into Pedidos (PedidoID, ClienteID, ProdutoID, VendedorID, Quantidade, DataPedido) values (915, 10, 39, 10, 4, '2022-09-14');
insert into Pedidos (PedidoID, ClienteID, ProdutoID, VendedorID, Quantidade, DataPedido) values (916, 1, 25, 8, 2, '2023-11-01');
insert into Pedidos (PedidoID, ClienteID, ProdutoID, VendedorID, Quantidade, DataPedido) values (917, 9, 45, 5, 3, '2023-06-07');
insert into Pedidos (PedidoID, ClienteID, ProdutoID, VendedorID, Quantidade, DataPedido) values (918, 1, 32, 8, 2, '2023-08-15');
insert into Pedidos (PedidoID, ClienteID, ProdutoID, VendedorID, Quantidade, DataPedido) values (919, 2, 39, 3, 1, '2023-01-04');
insert into Pedidos (PedidoID, ClienteID, ProdutoID, VendedorID, Quantidade, DataPedido) values (920, 3, 9, 6, 2, '2022-06-01');
insert into Pedidos (PedidoID, ClienteID, ProdutoID, VendedorID, Quantidade, DataPedido) values (921, 4, 6, 8, 5, '2024-01-20');
insert into Pedidos (PedidoID, ClienteID, ProdutoID, VendedorID, Quantidade, DataPedido) values (922, 9, 49, 10, 5, '2023-12-12');
insert into Pedidos (PedidoID, ClienteID, ProdutoID, VendedorID, Quantidade, DataPedido) values (923, 2, 22, 10, 5, '2023-02-04');
insert into Pedidos (PedidoID, ClienteID, ProdutoID, VendedorID, Quantidade, DataPedido) values (924, 6, 24, 4, 1, '2023-05-31');
insert into Pedidos (PedidoID, ClienteID, ProdutoID, VendedorID, Quantidade, DataPedido) values (925, 5, 47, 7, 1, '2023-01-16');
insert into Pedidos (PedidoID, ClienteID, ProdutoID, VendedorID, Quantidade, DataPedido) values (926, 1, 4, 9, 4, '2023-09-14');
insert into Pedidos (PedidoID, ClienteID, ProdutoID, VendedorID, Quantidade, DataPedido) values (927, 2, 24, 3, 3, '2023-04-08');
insert into Pedidos (PedidoID, ClienteID, ProdutoID, VendedorID, Quantidade, DataPedido) values (928, 10, 15, 2, 5, '2022-09-18');
insert into Pedidos (PedidoID, ClienteID, ProdutoID, VendedorID, Quantidade, DataPedido) values (929, 3, 40, 5, 3, '2023-03-09');
insert into Pedidos (PedidoID, ClienteID, ProdutoID, VendedorID, Quantidade, DataPedido) values (930, 4, 6, 4, 1, '2024-04-02');
insert into Pedidos (PedidoID, ClienteID, ProdutoID, VendedorID, Quantidade, DataPedido) values (931, 1, 43, 3, 4, '2023-12-04');
insert into Pedidos (PedidoID, ClienteID, ProdutoID, VendedorID, Quantidade, DataPedido) values (932, 10, 29, 6, 2, '2024-03-08');
insert into Pedidos (PedidoID, ClienteID, ProdutoID, VendedorID, Quantidade, DataPedido) values (933, 3, 17, 2, 5, '2022-04-26');
insert into Pedidos (PedidoID, ClienteID, ProdutoID, VendedorID, Quantidade, DataPedido) values (934, 2, 35, 5, 2, '2022-06-28');
insert into Pedidos (PedidoID, ClienteID, ProdutoID, VendedorID, Quantidade, DataPedido) values (935, 1, 5, 4, 2, '2022-04-21');
insert into Pedidos (PedidoID, ClienteID, ProdutoID, VendedorID, Quantidade, DataPedido) values (936, 10, 5, 4, 2, '2023-10-25');
insert into Pedidos (PedidoID, ClienteID, ProdutoID, VendedorID, Quantidade, DataPedido) values (937, 5, 37, 6, 4, '2022-06-21');
insert into Pedidos (PedidoID, ClienteID, ProdutoID, VendedorID, Quantidade, DataPedido) values (938, 6, 29, 6, 1, '2024-04-05');
insert into Pedidos (PedidoID, ClienteID, ProdutoID, VendedorID, Quantidade, DataPedido) values (939, 4, 13, 2, 3, '2023-02-18');
insert into Pedidos (PedidoID, ClienteID, ProdutoID, VendedorID, Quantidade, DataPedido) values (940, 7, 47, 9, 3, '2022-10-17');
insert into Pedidos (PedidoID, ClienteID, ProdutoID, VendedorID, Quantidade, DataPedido) values (941, 9, 49, 6, 4, '2023-03-11');
insert into Pedidos (PedidoID, ClienteID, ProdutoID, VendedorID, Quantidade, DataPedido) values (942, 9, 4, 10, 1, '2024-01-13');
insert into Pedidos (PedidoID, ClienteID, ProdutoID, VendedorID, Quantidade, DataPedido) values (943, 4, 40, 9, 1, '2022-05-12');
insert into Pedidos (PedidoID, ClienteID, ProdutoID, VendedorID, Quantidade, DataPedido) values (944, 7, 50, 1, 4, '2022-05-09');
insert into Pedidos (PedidoID, ClienteID, ProdutoID, VendedorID, Quantidade, DataPedido) values (945, 10, 44, 2, 1, '2024-03-11');
insert into Pedidos (PedidoID, ClienteID, ProdutoID, VendedorID, Quantidade, DataPedido) values (946, 10, 14, 2, 5, '2024-01-25');
insert into Pedidos (PedidoID, ClienteID, ProdutoID, VendedorID, Quantidade, DataPedido) values (947, 8, 23, 5, 3, '2022-12-19');
insert into Pedidos (PedidoID, ClienteID, ProdutoID, VendedorID, Quantidade, DataPedido) values (948, 5, 1, 3, 4, '2024-01-08');
insert into Pedidos (PedidoID, ClienteID, ProdutoID, VendedorID, Quantidade, DataPedido) values (949, 7, 24, 5, 5, '2022-04-12');
insert into Pedidos (PedidoID, ClienteID, ProdutoID, VendedorID, Quantidade, DataPedido) values (950, 10, 50, 6, 3, '2022-12-01');
insert into Pedidos (PedidoID, ClienteID, ProdutoID, VendedorID, Quantidade, DataPedido) values (951, 4, 40, 4, 3, '2022-10-14');
insert into Pedidos (PedidoID, ClienteID, ProdutoID, VendedorID, Quantidade, DataPedido) values (952, 2, 27, 7, 5, '2022-06-15');
insert into Pedidos (PedidoID, ClienteID, ProdutoID, VendedorID, Quantidade, DataPedido) values (953, 1, 50, 9, 2, '2022-06-10');
insert into Pedidos (PedidoID, ClienteID, ProdutoID, VendedorID, Quantidade, DataPedido) values (954, 7, 1, 8, 1, '2023-05-08');
insert into Pedidos (PedidoID, ClienteID, ProdutoID, VendedorID, Quantidade, DataPedido) values (955, 1, 46, 1, 2, '2022-09-12');
insert into Pedidos (PedidoID, ClienteID, ProdutoID, VendedorID, Quantidade, DataPedido) values (956, 7, 47, 10, 5, '2024-03-12');
insert into Pedidos (PedidoID, ClienteID, ProdutoID, VendedorID, Quantidade, DataPedido) values (957, 5, 25, 3, 3, '2022-08-31');
insert into Pedidos (PedidoID, ClienteID, ProdutoID, VendedorID, Quantidade, DataPedido) values (958, 4, 20, 7, 3, '2022-09-17');
insert into Pedidos (PedidoID, ClienteID, ProdutoID, VendedorID, Quantidade, DataPedido) values (959, 1, 2, 2, 1, '2024-03-24');
insert into Pedidos (PedidoID, ClienteID, ProdutoID, VendedorID, Quantidade, DataPedido) values (960, 8, 42, 2, 3, '2023-02-25');
insert into Pedidos (PedidoID, ClienteID, ProdutoID, VendedorID, Quantidade, DataPedido) values (961, 10, 5, 1, 2, '2023-11-16');
insert into Pedidos (PedidoID, ClienteID, ProdutoID, VendedorID, Quantidade, DataPedido) values (962, 5, 17, 2, 2, '2023-06-28');
insert into Pedidos (PedidoID, ClienteID, ProdutoID, VendedorID, Quantidade, DataPedido) values (963, 9, 33, 9, 5, '2023-04-05');
insert into Pedidos (PedidoID, ClienteID, ProdutoID, VendedorID, Quantidade, DataPedido) values (964, 4, 18, 3, 2, '2023-09-26');
insert into Pedidos (PedidoID, ClienteID, ProdutoID, VendedorID, Quantidade, DataPedido) values (965, 2, 44, 2, 2, '2023-12-02');
insert into Pedidos (PedidoID, ClienteID, ProdutoID, VendedorID, Quantidade, DataPedido) values (966, 10, 45, 2, 3, '2022-07-21');
insert into Pedidos (PedidoID, ClienteID, ProdutoID, VendedorID, Quantidade, DataPedido) values (967, 5, 42, 5, 4, '2022-09-21');
insert into Pedidos (PedidoID, ClienteID, ProdutoID, VendedorID, Quantidade, DataPedido) values (968, 7, 17, 3, 3, '2022-04-21');
insert into Pedidos (PedidoID, ClienteID, ProdutoID, VendedorID, Quantidade, DataPedido) values (969, 2, 44, 8, 5, '2023-01-30');
insert into Pedidos (PedidoID, ClienteID, ProdutoID, VendedorID, Quantidade, DataPedido) values (970, 9, 5, 7, 4, '2024-04-23');
insert into Pedidos (PedidoID, ClienteID, ProdutoID, VendedorID, Quantidade, DataPedido) values (971, 2, 3, 7, 2, '2024-03-30');
insert into Pedidos (PedidoID, ClienteID, ProdutoID, VendedorID, Quantidade, DataPedido) values (972, 4, 6, 10, 1, '2023-01-18');
insert into Pedidos (PedidoID, ClienteID, ProdutoID, VendedorID, Quantidade, DataPedido) values (973, 7, 43, 2, 4, '2022-08-10');
insert into Pedidos (PedidoID, ClienteID, ProdutoID, VendedorID, Quantidade, DataPedido) values (974, 9, 4, 7, 2, '2023-08-13');
insert into Pedidos (PedidoID, ClienteID, ProdutoID, VendedorID, Quantidade, DataPedido) values (975, 9, 36, 6, 4, '2022-05-25');
insert into Pedidos (PedidoID, ClienteID, ProdutoID, VendedorID, Quantidade, DataPedido) values (976, 5, 14, 6, 2, '2024-01-04');
insert into Pedidos (PedidoID, ClienteID, ProdutoID, VendedorID, Quantidade, DataPedido) values (977, 1, 25, 5, 5, '2022-05-05');
insert into Pedidos (PedidoID, ClienteID, ProdutoID, VendedorID, Quantidade, DataPedido) values (978, 8, 21, 7, 5, '2022-06-16');
insert into Pedidos (PedidoID, ClienteID, ProdutoID, VendedorID, Quantidade, DataPedido) values (979, 9, 7, 10, 4, '2023-12-14');
insert into Pedidos (PedidoID, ClienteID, ProdutoID, VendedorID, Quantidade, DataPedido) values (980, 6, 48, 8, 2, '2024-04-16');
insert into Pedidos (PedidoID, ClienteID, ProdutoID, VendedorID, Quantidade, DataPedido) values (981, 10, 17, 9, 3, '2022-09-24');
insert into Pedidos (PedidoID, ClienteID, ProdutoID, VendedorID, Quantidade, DataPedido) values (982, 10, 11, 2, 2, '2023-07-05');
insert into Pedidos (PedidoID, ClienteID, ProdutoID, VendedorID, Quantidade, DataPedido) values (983, 4, 12, 2, 1, '2024-04-20');
insert into Pedidos (PedidoID, ClienteID, ProdutoID, VendedorID, Quantidade, DataPedido) values (984, 5, 12, 4, 3, '2022-11-08');
insert into Pedidos (PedidoID, ClienteID, ProdutoID, VendedorID, Quantidade, DataPedido) values (985, 7, 15, 6, 1, '2022-07-04');
insert into Pedidos (PedidoID, ClienteID, ProdutoID, VendedorID, Quantidade, DataPedido) values (986, 1, 29, 5, 4, '2022-04-19');
insert into Pedidos (PedidoID, ClienteID, ProdutoID, VendedorID, Quantidade, DataPedido) values (987, 7, 11, 5, 3, '2022-07-12');
insert into Pedidos (PedidoID, ClienteID, ProdutoID, VendedorID, Quantidade, DataPedido) values (988, 1, 33, 3, 3, '2023-12-04');
insert into Pedidos (PedidoID, ClienteID, ProdutoID, VendedorID, Quantidade, DataPedido) values (989, 7, 28, 1, 1, '2024-01-24');
insert into Pedidos (PedidoID, ClienteID, ProdutoID, VendedorID, Quantidade, DataPedido) values (990, 10, 30, 3, 2, '2023-09-21');
insert into Pedidos (PedidoID, ClienteID, ProdutoID, VendedorID, Quantidade, DataPedido) values (991, 9, 25, 2, 2, '2022-11-28');
insert into Pedidos (PedidoID, ClienteID, ProdutoID, VendedorID, Quantidade, DataPedido) values (992, 1, 46, 10, 4, '2023-05-11');
insert into Pedidos (PedidoID, ClienteID, ProdutoID, VendedorID, Quantidade, DataPedido) values (993, 8, 15, 5, 5, '2022-05-11');
insert into Pedidos (PedidoID, ClienteID, ProdutoID, VendedorID, Quantidade, DataPedido) values (994, 1, 4, 7, 1, '2022-11-13');
insert into Pedidos (PedidoID, ClienteID, ProdutoID, VendedorID, Quantidade, DataPedido) values (995, 7, 17, 8, 1, '2023-08-12');
insert into Pedidos (PedidoID, ClienteID, ProdutoID, VendedorID, Quantidade, DataPedido) values (996, 6, 25, 7, 3, '2022-05-11');
insert into Pedidos (PedidoID, ClienteID, ProdutoID, VendedorID, Quantidade, DataPedido) values (997, 6, 25, 5, 1, '2023-05-19');
insert into Pedidos (PedidoID, ClienteID, ProdutoID, VendedorID, Quantidade, DataPedido) values (998, 10, 46, 8, 4, '2022-05-01');
insert into Pedidos (PedidoID, ClienteID, ProdutoID, VendedorID, Quantidade, DataPedido) values (999, 6, 43, 3, 4, '2023-03-23');
insert into Pedidos (PedidoID, ClienteID, ProdutoID, VendedorID, Quantidade, DataPedido) values (1000, 8, 25, 3, 5, '2023-08-07');
